driver,team,compound,stint_length,tyre_age,track_temp,air_temp,lap_time,track_name,degradation_rate,remaining_grip
LEC,Ferrari,HARD,76,2,49.2,21.7,84.624,Monaco,-0.06758205058099793,95.0
LEC,Ferrari,HARD,76,3,48.8,21.7,82.625,Monaco,-0.06758205058099793,95.2
LEC,Ferrari,HARD,76,4,48.2,21.6,81.795,Monaco,-0.06758205058099793,93.6
LEC,Ferrari,HARD,76,5,48.7,21.8,81.145,Monaco,-0.06758205058099793,100.0
LEC,Ferrari,HARD,76,6,48.0,21.8,80.98,Monaco,-0.06758205058099793,100.0
LEC,Ferrari,HARD,76,7,47.9,21.9,81.03,Monaco,-0.06758205058099793,100.0
LEC,Ferrari,HARD,76,8,47.4,22.1,80.114,Monaco,-0.06758205058099793,100.0
LEC,Ferrari,HARD,76,9,47.9,22.1,80.775,Monaco,-0.06758205058099793,100.0
LEC,Ferrari,HARD,76,10,47.9,22.2,81.046,Monaco,-0.06758205058099793,97.73555840821558
LEC,Ferrari,HARD,76,11,47.2,22.1,80.252,Monaco,-0.06758205058099793,100.0
LEC,Ferrari,HARD,76,12,47.1,22.0,79.017,Monaco,-0.06758205058099793,100.0
LEC,Ferrari,HARD,76,13,47.1,22.0,79.913,Monaco,-0.06758205058099793,100.0
LEC,Ferrari,HARD,76,14,46.0,22.0,79.838,Monaco,-0.06758205058099793,100.0
LEC,Ferrari,HARD,76,15,46.1,21.8,80.156,Monaco,-0.06758205058099793,100.0
LEC,Ferrari,HARD,76,16,46.7,21.6,80.279,Monaco,-0.06758205058099793,100.0
LEC,Ferrari,HARD,76,17,46.7,21.8,79.58,Monaco,-0.06758205058099793,100.0
LEC,Ferrari,HARD,76,18,46.6,21.9,78.842,Monaco,-0.06758205058099793,100.0
LEC,Ferrari,HARD,76,19,45.8,21.9,78.724,Monaco,-0.06758205058099793,100.0
LEC,Ferrari,HARD,76,20,45.9,21.8,78.472,Monaco,-0.06758205058099793,100.0
LEC,Ferrari,HARD,76,21,45.9,21.8,78.62,Monaco,-0.06758205058099793,100.0
LEC,Ferrari,HARD,76,22,46.1,21.7,78.458,Monaco,-0.06758205058099793,100.0
LEC,Ferrari,HARD,76,23,45.7,21.7,78.725,Monaco,-0.06758205058099793,100.0
LEC,Ferrari,HARD,76,24,45.7,21.7,78.973,Monaco,-0.06758205058099793,100.0
LEC,Ferrari,HARD,76,25,46.0,21.8,78.445,Monaco,-0.06758205058099793,100.0
LEC,Ferrari,HARD,76,26,46.0,21.9,78.351,Monaco,-0.06758205058099793,100.0
LEC,Ferrari,HARD,76,27,45.6,22.0,78.71,Monaco,-0.06758205058099793,98.84741911583126
LEC,Ferrari,HARD,76,28,45.9,22.0,79.053,Monaco,-0.06758205058099793,90.89399851815276
LEC,Ferrari,HARD,76,29,46.4,22.0,79.935,Monaco,-0.06758205058099793,72.95663126697954
LEC,Ferrari,HARD,76,30,45.5,22.0,78.393,Monaco,-0.06758205058099793,99.91923931835026
LEC,Ferrari,HARD,76,31,45.6,21.9,79.125,Monaco,-0.06758205058099793,84.76033588540388
LEC,Ferrari,HARD,76,32,45.9,21.9,78.494,Monaco,-0.06758205058099793,94.84840701407762
LEC,Ferrari,HARD,76,33,45.1,22.0,79.319,Monaco,-0.06758205058099793,77.96685601383061
LEC,Ferrari,HARD,76,34,44.5,21.9,78.53,Monaco,-0.06758205058099793,90.98157569770319
LEC,Ferrari,HARD,76,35,44.4,21.8,78.689,Monaco,-0.06758205058099793,86.436404050383
LEC,Ferrari,HARD,76,36,44.5,21.8,78.925,Monaco,-0.06758205058099793,64.66202661207792
LEC,Ferrari,HARD,76,37,44.8,21.8,78.528,Monaco,-0.06758205058099793,70.49518436228371
LEC,Ferrari,HARD,76,38,44.7,21.8,78.181,Monaco,-0.06758205058099793,75.39217614898782
LEC,Ferrari,HARD,76,39,44.4,22.0,78.733,Monaco,-0.06758205058099793,63.45690391192551
LEC,Ferrari,HARD,76,40,44.4,22.0,78.694,Monaco,-0.06758205058099793,62.58711336345711
LEC,Ferrari,HARD,76,41,44.7,21.9,79.277,Monaco,-0.06758205058099793,50.071418229023706
LEC,Ferrari,HARD,76,42,44.8,21.9,77.865,Monaco,-0.06758205058099793,74.90874503832057
LEC,Ferrari,HARD,76,43,44.5,22.0,78.276,Monaco,-0.06758205058099793,65.61346081833402
LEC,Ferrari,HARD,76,44,44.2,22.0,78.541,Monaco,-0.06758205058099793,59.05178121177336
LEC,Ferrari,HARD,76,45,44.5,21.9,78.567,Monaco,-0.06758205058099793,56.96497491075239
LEC,Ferrari,HARD,76,46,43.8,22.0,79.185,Monaco,-0.06758205058099793,43.793963601867375
LEC,Ferrari,HARD,76,47,43.8,22.0,77.941,Monaco,-0.06758205058099793,65.48577277379736
LEC,Ferrari,HARD,76,48,43.7,22.0,78.506,Monaco,-0.06758205058099793,53.30709738622471
LEC,Ferrari,HARD,76,49,43.7,21.9,78.185,Monaco,-0.06758205058099793,57.71728287190757
LEC,Ferrari,HARD,76,50,43.0,21.8,77.79,Monaco,-0.06758205058099793,63.51299398357337
LEC,Ferrari,HARD,76,51,43.2,21.8,78.311,Monaco,-0.06758205058099793,52.15814464388242
LEC,Ferrari,HARD,76,52,43.2,21.9,77.748,Monaco,-0.06758205058099793,61.09937339291508
LEC,Ferrari,HARD,76,53,42.8,21.9,77.357,Monaco,-0.06758205058099793,66.82019122750091
LEC,Ferrari,HARD,76,54,42.5,21.7,77.444,Monaco,-0.06758205058099793,63.591262451007346
LEC,Ferrari,HARD,76,55,42.4,21.7,77.266,Monaco,-0.06758205058099793,65.32401328107446
LEC,Ferrari,HARD,76,56,42.4,21.7,77.64,Monaco,-0.06758205058099793,36.53994456889015
LEC,Ferrari,HARD,76,57,42.2,21.8,77.028,Monaco,-0.06758205058099793,46.557697710619045
LEC,Ferrari,HARD,76,58,41.9,21.6,77.034,Monaco,-0.06758205058099793,44.84379817001386
LEC,Ferrari,HARD,76,59,42.3,21.5,76.414,Monaco,-0.06758205058099793,55.01341736588319
LEC,Ferrari,HARD,76,60,42.0,21.6,76.863,Monaco,-0.06758205058099793,44.88993507726179
LEC,Ferrari,HARD,76,61,42.0,21.8,77.454,Monaco,-0.06758205058099793,35.0
LEC,Ferrari,HARD,76,62,42.0,22.0,76.971,Monaco,-0.06758205058099793,39.63974334636836
LEC,Ferrari,HARD,76,63,42.0,21.9,76.56,Monaco,-0.06758205058099793,45.841861877823646
LEC,Ferrari,HARD,76,64,41.7,21.9,76.607,Monaco,-0.06758205058099793,43.34964880974974
LEC,Ferrari,HARD,76,65,41.7,22.0,76.489,Monaco,-0.06758205058099793,43.98967310831831
LEC,Ferrari,HARD,76,66,41.6,22.0,75.941,Monaco,-0.06758205058099793,52.79249781692535
LEC,Ferrari,HARD,76,67,41.1,21.7,76.082,Monaco,-0.06758205058099793,48.515858612703646
LEC,Ferrari,HARD,76,68,41.6,21.8,76.373,Monaco,-0.06758205058099793,41.391730893351905
LEC,Ferrari,HARD,76,69,41.6,21.8,75.767,Monaco,-0.06758205058099793,51.29558449447587
LEC,Ferrari,HARD,76,70,41.0,21.6,75.162,Monaco,-0.06758205058099793,61.18045483883196
LEC,Ferrari,HARD,76,71,40.5,21.6,75.547,Monaco,-0.06758205058099793,52.27190098333269
LEC,Ferrari,HARD,76,72,40.5,21.6,76.219,Monaco,-0.06758205058099793,37.91515243555189
LEC,Ferrari,HARD,76,73,40.8,21.7,76.105,Monaco,-0.06758205058099793,38.47924370705023
LEC,Ferrari,HARD,76,74,40.6,21.7,76.387,Monaco,-0.06758205058099793,35.0
LEC,Ferrari,HARD,76,75,40.6,21.7,76.808,Monaco,-0.06758205058099793,35.0
LEC,Ferrari,HARD,76,76,40.9,21.8,76.933,Monaco,-0.06758205058099793,35.0
LEC,Ferrari,HARD,76,77,40.9,21.8,78.636,Monaco,-0.06758205058099793,35.0
PIA,McLaren,HARD,76,3,49.2,21.7,84.953,Monaco,-0.06392121667805882,95.0
PIA,McLaren,HARD,76,4,48.8,21.7,82.314,Monaco,-0.06392121667805882,93.6
PIA,McLaren,HARD,76,5,48.2,21.6,82.019,Monaco,-0.06392121667805882,92.0
PIA,McLaren,HARD,76,6,48.7,21.8,81.354,Monaco,-0.06392121667805882,100.0
PIA,McLaren,HARD,76,7,48.0,21.8,80.808,Monaco,-0.06392121667805882,100.0
PIA,McLaren,HARD,76,8,47.9,21.9,81.058,Monaco,-0.06392121667805882,100.0
PIA,McLaren,HARD,76,9,47.4,22.1,79.906,Monaco,-0.06392121667805882,100.0
PIA,McLaren,HARD,76,10,47.9,22.1,80.89,Monaco,-0.06392121667805882,100.0
PIA,McLaren,HARD,76,11,47.9,22.2,80.898,Monaco,-0.06392121667805882,100.0
PIA,McLaren,HARD,76,12,47.2,22.1,80.135,Monaco,-0.06392121667805882,100.0
PIA,McLaren,HARD,76,13,47.1,22.0,78.745,Monaco,-0.06392121667805882,100.0
PIA,McLaren,HARD,76,14,47.1,22.0,80.014,Monaco,-0.06392121667805882,100.0
PIA,McLaren,HARD,76,15,46.0,22.0,80.264,Monaco,-0.06392121667805882,100.0
PIA,McLaren,HARD,76,16,46.1,21.8,79.829,Monaco,-0.06392121667805882,100.0
PIA,McLaren,HARD,76,17,46.7,21.6,80.028,Monaco,-0.06392121667805882,100.0
PIA,McLaren,HARD,76,18,46.7,21.8,79.832,Monaco,-0.06392121667805882,100.0
PIA,McLaren,HARD,76,19,46.6,21.9,79.179,Monaco,-0.06392121667805882,100.0
PIA,McLaren,HARD,76,20,45.8,21.9,79.055,Monaco,-0.06392121667805882,100.0
PIA,McLaren,HARD,76,21,45.9,21.8,78.601,Monaco,-0.06392121667805882,100.0
PIA,McLaren,HARD,76,22,45.9,21.8,78.585,Monaco,-0.06392121667805882,100.0
PIA,McLaren,HARD,76,23,46.1,21.7,78.658,Monaco,-0.06392121667805882,100.0
PIA,McLaren,HARD,76,24,45.7,21.7,78.636,Monaco,-0.06392121667805882,100.0
PIA,McLaren,HARD,76,25,45.7,21.7,78.784,Monaco,-0.06392121667805882,100.0
PIA,McLaren,HARD,76,26,46.0,21.8,78.44,Monaco,-0.06392121667805882,100.0
PIA,McLaren,HARD,76,27,46.0,21.9,78.523,Monaco,-0.06392121667805882,99.21535491535512
PIA,McLaren,HARD,76,28,45.6,22.0,78.791,Monaco,-0.06392121667805882,92.64059994060013
PIA,McLaren,HARD,76,29,45.9,22.0,79.01,Monaco,-0.06392121667805882,86.9754083754084
PIA,McLaren,HARD,76,30,46.4,22.0,79.396,Monaco,-0.06392121667805882,78.21027621027632
PIA,McLaren,HARD,76,31,45.5,22.0,78.449,Monaco,-0.06392121667805882,94.18898128898145
PIA,McLaren,HARD,76,32,45.6,21.9,78.969,Monaco,-0.06392121667805882,82.93647163647188
PIA,McLaren,HARD,76,33,45.9,21.9,79.06,Monaco,-0.06392121667805882,79.64728244728254
PIA,McLaren,HARD,76,34,45.1,22.0,78.978,Monaco,-0.06392121667805882,79.5694089694092
PIA,McLaren,HARD,76,35,44.5,21.9,78.605,Monaco,-0.06392121667805882,84.89322839322844
PIA,McLaren,HARD,76,36,44.4,21.8,78.882,Monaco,-0.06392121667805882,78.15141075141078
PIA,McLaren,HARD,76,37,44.5,21.8,78.612,Monaco,-0.06392121667805882,65.09104197432004
PIA,McLaren,HARD,76,38,44.8,21.8,78.731,Monaco,-0.06392121667805882,61.25716717142664
PIA,McLaren,HARD,76,39,44.7,21.8,78.362,Monaco,-0.06392121667805882,66.5840562661129
PIA,McLaren,HARD,76,40,44.4,22.0,78.951,Monaco,-0.06392121667805882,53.92731459464895
PIA,McLaren,HARD,76,41,44.4,22.0,78.846,Monaco,-0.06392121667805882,54.298380597201756
PIA,McLaren,HARD,76,42,44.7,21.9,79.795,Monaco,-0.06392121667805882,35.0
PIA,McLaren,HARD,76,43,44.8,21.9,78.198,Monaco,-0.06392121667805882,63.262673641529034
PIA,McLaren,HARD,76,44,44.5,22.0,78.277,Monaco,-0.06392121667805882,60.17968112532235
PIA,McLaren,HARD,76,45,44.2,22.0,78.082,Monaco,-0.06392121667805882,62.240232272920906
PIA,McLaren,HARD,76,46,44.5,21.9,78.623,Monaco,-0.06392121667805882,50.48454934548096
PIA,McLaren,HARD,76,47,43.8,22.0,78.399,Monaco,-0.06392121667805882,53.08949015092743
PIA,McLaren,HARD,76,48,43.8,22.0,78.395,Monaco,-0.06392121667805882,51.56457837959621
PIA,McLaren,HARD,76,49,43.7,22.0,78.136,Monaco,-0.06392121667805882,54.82654118589361
PIA,McLaren,HARD,76,50,43.7,21.9,78.35,Monaco,-0.06392121667805882,49.20932095211895
PIA,McLaren,HARD,76,51,43.0,21.8,77.909,Monaco,-0.06392121667805882,55.887798162841335
PIA,McLaren,HARD,76,52,43.2,21.8,78.214,Monaco,-0.06392121667805882,48.56232072685419
PIA,McLaren,HARD,76,53,43.0,21.9,77.609,Monaco,-0.06392121667805882,58.31941531299298
PIA,McLaren,HARD,76,54,42.8,21.9,77.362,Monaco,-0.06392121667805882,61.35611343328431
PIA,McLaren,HARD,76,55,42.5,21.7,77.445,Monaco,-0.06392121667805882,58.19803268840912
PIA,McLaren,HARD,76,56,42.4,21.7,77.456,Monaco,-0.06392121667805882,56.39154005957004
PIA,McLaren,HARD,76,57,42.4,21.7,77.3,Monaco,-0.06392121667805882,36.32555717823368
PIA,McLaren,HARD,76,58,42.2,21.8,77.344,Monaco,-0.06392121667805882,35.0
PIA,McLaren,HARD,76,59,41.9,21.6,77.042,Monaco,-0.06392121667805882,38.04015493047183
PIA,McLaren,HARD,76,60,42.3,21.6,76.617,Monaco,-0.06392121667805882,44.53590704171693
PIA,McLaren,HARD,76,61,42.0,21.6,76.771,Monaco,-0.06392121667805882,40.00238745317169
PIA,McLaren,HARD,76,62,42.0,21.8,77.095,Monaco,-0.06392121667805882,35.0
PIA,McLaren,HARD,76,63,42.0,22.0,76.921,Monaco,-0.06392121667805882,35.0
PIA,McLaren,HARD,76,64,42.0,21.9,76.909,Monaco,-0.06392121667805882,35.0
PIA,McLaren,HARD,76,65,41.7,21.9,76.391,Monaco,-0.06392121667805882,40.84094228204963
PIA,McLaren,HARD,76,66,41.7,22.0,76.64,Monaco,-0.06392121667805882,35.0
PIA,McLaren,HARD,76,67,41.6,22.0,76.596,Monaco,-0.06392121667805882,35.0
PIA,McLaren,HARD,76,68,41.1,21.7,76.601,Monaco,-0.06392121667805882,35.0
PIA,McLaren,HARD,76,69,41.6,21.8,77.371,Monaco,-0.06392121667805882,35.0
PIA,McLaren,HARD,76,70,41.6,21.8,77.27,Monaco,-0.06392121667805882,35.0
PIA,McLaren,HARD,76,71,41.0,21.6,77.184,Monaco,-0.06392121667805882,35.0
PIA,McLaren,HARD,76,72,40.5,21.6,76.652,Monaco,-0.06392121667805882,35.0
PIA,McLaren,HARD,76,73,40.5,21.6,76.281,Monaco,-0.06392121667805882,35.0
PIA,McLaren,HARD,76,74,40.8,21.7,76.356,Monaco,-0.06392121667805882,35.0
PIA,McLaren,HARD,76,75,40.6,21.7,76.644,Monaco,-0.06392121667805882,35.0
PIA,McLaren,HARD,76,76,40.6,21.7,76.59,Monaco,-0.06392121667805882,35.0
PIA,McLaren,HARD,76,77,40.9,21.8,76.734,Monaco,-0.06392121667805882,35.0
PIA,McLaren,HARD,76,78,40.2,21.8,77.126,Monaco,-0.06392121667805882,35.0
SAI,Ferrari,HARD,76,2,49.2,21.7,85.012,Monaco,-0.06669257689678743,95.0
SAI,Ferrari,HARD,76,3,48.8,21.7,82.358,Monaco,-0.06669257689678743,95.2
SAI,Ferrari,HARD,76,4,48.2,21.6,81.978,Monaco,-0.06669257689678743,93.6
SAI,Ferrari,HARD,76,5,48.7,21.8,81.163,Monaco,-0.06669257689678743,100.0
SAI,Ferrari,HARD,76,6,48.0,21.8,81.466,Monaco,-0.06669257689678743,99.76836712288664
SAI,Ferrari,HARD,76,7,47.9,21.9,80.272,Monaco,-0.06669257689678743,100.0
SAI,Ferrari,HARD,76,8,47.4,22.1,80.525,Monaco,-0.06669257689678743,100.0
SAI,Ferrari,HARD,76,9,47.9,22.1,81.259,Monaco,-0.06669257689678743,98.75596867452232
SAI,Ferrari,HARD,76,10,47.9,22.2,80.246,Monaco,-0.06669257689678743,100.0
SAI,Ferrari,HARD,76,11,47.2,22.1,79.974,Monaco,-0.06669257689678743,100.0
SAI,Ferrari,HARD,76,12,47.1,22.0,80.017,Monaco,-0.06669257689678743,100.0
SAI,Ferrari,HARD,76,13,47.1,22.0,79.48,Monaco,-0.06669257689678743,100.0
SAI,Ferrari,HARD,76,14,46.0,22.0,79.543,Monaco,-0.06669257689678743,100.0
SAI,Ferrari,HARD,76,15,46.1,21.8,80.579,Monaco,-0.06669257689678743,100.0
SAI,Ferrari,HARD,76,16,46.7,21.6,80.076,Monaco,-0.06669257689678743,100.0
SAI,Ferrari,HARD,76,17,46.7,21.8,79.177,Monaco,-0.06669257689678743,100.0
SAI,Ferrari,HARD,76,18,46.6,21.9,79.445,Monaco,-0.06669257689678743,100.0
SAI,Ferrari,HARD,76,19,45.8,21.9,79.403,Monaco,-0.06669257689678743,100.0
SAI,Ferrari,HARD,76,20,45.9,21.8,78.917,Monaco,-0.06669257689678743,100.0
SAI,Ferrari,HARD,76,21,45.9,21.8,78.889,Monaco,-0.06669257689678743,100.0
SAI,Ferrari,HARD,76,22,46.1,21.7,78.993,Monaco,-0.06669257689678743,100.0
SAI,Ferrari,HARD,76,23,45.7,21.7,78.568,Monaco,-0.06669257689678743,100.0
SAI,Ferrari,HARD,76,24,45.7,21.7,78.537,Monaco,-0.06669257689678743,100.0
SAI,Ferrari,HARD,76,25,46.0,21.8,78.088,Monaco,-0.06669257689678743,100.0
SAI,Ferrari,HARD,76,26,46.0,21.9,79.49,Monaco,-0.06669257689678743,89.3192612397275
SAI,Ferrari,HARD,76,27,45.6,22.0,79.281,Monaco,-0.06669257689678743,91.58185872873091
SAI,Ferrari,HARD,76,28,45.9,22.0,78.697,Monaco,-0.06669257689678743,100.0
SAI,Ferrari,HARD,76,29,46.4,22.0,77.326,Monaco,-0.06669257689678743,100.0
SAI,Ferrari,HARD,76,30,45.5,22.0,79.784,Monaco,-0.06669257689678743,77.48575089634423
SAI,Ferrari,HARD,76,31,45.6,21.9,80.136,Monaco,-0.06669257689678743,52.9413593781146
SAI,Ferrari,HARD,76,32,45.9,21.9,78.778,Monaco,-0.06669257689678743,76.71758022722742
SAI,Ferrari,HARD,76,33,45.1,22.0,79.013,Monaco,-0.06669257689678743,70.72626071357385
SAI,Ferrari,HARD,76,34,44.5,21.9,78.465,Monaco,-0.06669257689678743,79.36644409009372
SAI,Ferrari,HARD,76,35,44.4,21.8,79.275,Monaco,-0.06669257689678743,62.6304066175005
SAI,Ferrari,HARD,76,36,44.5,21.8,77.577,Monaco,-0.06669257689678743,92.76002591189967
SAI,Ferrari,HARD,76,37,44.8,21.8,78.412,Monaco,-0.06669257689678743,75.55682678891766
SAI,Ferrari,HARD,76,38,44.7,21.8,78.31,Monaco,-0.06669257689678743,75.86284632250354
SAI,Ferrari,HARD,76,39,44.4,22.0,78.653,Monaco,-0.06669257689678743,67.8533884791708
SAI,Ferrari,HARD,76,40,44.4,22.0,78.714,Monaco,-0.06669257689678743,65.11351405222257
SAI,Ferrari,HARD,76,41,44.7,21.9,79.171,Monaco,-0.06669257689678743,54.973799083117385
SAI,Ferrari,HARD,76,42,44.8,21.9,79.594,Monaco,-0.06669257689678743,45.46942395854117
SAI,Ferrari,HARD,76,43,44.5,22.0,78.762,Monaco,-0.06669257689678743,59.41656368347628
SAI,Ferrari,HARD,76,44,44.2,22.0,77.885,Monaco,-0.06669257689678743,74.20459437911103
SAI,Ferrari,HARD,76,45,44.5,21.9,78.731,Monaco,-0.06669257689678743,56.79584412995835
SAI,Ferrari,HARD,76,46,43.8,22.0,78.141,Monaco,-0.06669257689678743,65.74775565137185
SAI,Ferrari,HARD,76,47,43.8,22.0,77.894,Monaco,-0.06669257689678743,68.76480821473949
SAI,Ferrari,HARD,76,48,43.7,22.0,78.259,Monaco,-0.06669257689678743,60.342038232435165
SAI,Ferrari,HARD,76,49,43.7,21.9,78.545,Monaco,-0.06669257689678743,53.395977369588394
SAI,Ferrari,HARD,76,50,43.0,21.8,77.528,Monaco,-0.06669257689678743,70.80627071754336
SAI,Ferrari,HARD,76,51,43.2,21.8,78.094,Monaco,-0.06669257689678743,53.66145997449189
SAI,Ferrari,HARD,76,52,43.0,21.9,77.759,Monaco,-0.06669257689678743,58.34475204441449
SAI,Ferrari,HARD,76,53,42.8,21.9,77.742,Monaco,-0.06669257689678743,57.063605671843334
SAI,Ferrari,HARD,76,54,42.5,21.7,78.661,Monaco,-0.06669257689678743,38.2267536949509
SAI,Ferrari,HARD,76,55,42.4,21.7,78.119,Monaco,-0.06669257689678743,46.79255758121397
SAI,Ferrari,HARD,76,56,42.4,21.7,77.599,Monaco,-0.06669257689678743,54.94572736139244
SAI,Ferrari,HARD,76,57,42.2,21.8,77.501,Monaco,-0.06669257689678743,55.18382474304147
SAI,Ferrari,HARD,76,58,41.9,21.6,77.134,Monaco,-0.06669257689678743,60.46731187635988
SAI,Ferrari,HARD,76,59,42.3,21.6,75.159,Monaco,-0.06669257689678743,95.91060094530718
SAI,Ferrari,HARD,76,60,42.0,21.6,79.046,Monaco,-0.06669257689678743,35.0
SAI,Ferrari,HARD,76,61,42.0,21.8,74.726,Monaco,-0.06669257689678743,92.12068444891804
SAI,Ferrari,HARD,76,62,42.0,22.0,78.207,Monaco,-0.06669257689678743,35.0
SAI,Ferrari,HARD,76,63,42.0,21.9,74.813,Monaco,-0.06669257689678743,87.27876195269253
SAI,Ferrari,HARD,76,64,41.7,21.9,78.137,Monaco,-0.06669257689678743,35.0
SAI,Ferrari,HARD,76,65,41.7,22.0,75.409,Monaco,-0.06669257689678743,72.8306492199295
SAI,Ferrari,HARD,76,66,40.9,21.8,76.847,Monaco,-0.06669257689678743,44.091746351283525
SAI,Ferrari,HARD,76,67,41.1,21.7,75.595,Monaco,-0.06669257689678743,66.12033215903381
SAI,Ferrari,HARD,76,68,41.6,21.8,76.218,Monaco,-0.06669257689678743,52.76265727226976
SAI,Ferrari,HARD,76,69,41.6,21.8,77.117,Monaco,-0.06669257689678743,35.0
SAI,Ferrari,HARD,76,70,41.0,21.6,77.214,Monaco,-0.06669257689678743,35.0
SAI,Ferrari,HARD,76,71,40.5,21.6,76.785,Monaco,-0.06669257689678743,37.261852038248755
SAI,Ferrari,HARD,76,72,40.5,21.6,76.417,Monaco,-0.06669257689678743,42.60699547055868
SAI,Ferrari,HARD,76,73,40.8,21.7,76.063,Monaco,-0.06669257689678743,47.687921489682964
SAI,Ferrari,HARD,76,74,40.6,21.7,76.905,Monaco,-0.06669257689678743,35.0
SAI,Ferrari,HARD,76,75,40.6,21.7,76.328,Monaco,-0.06669257689678743,39.48666331152493
SAI,Ferrari,HARD,76,76,40.9,21.8,76.701,Monaco,-0.06669257689678743,35.0
SAI,Ferrari,HARD,76,77,40.2,21.8,77.072,Monaco,-0.06669257689678743,35.0
NOR,McLaren,HARD,76,3,49.2,21.7,85.283,Monaco,-0.06749260423786745,95.0
NOR,McLaren,HARD,76,4,48.8,21.7,82.782,Monaco,-0.06749260423786745,93.6
NOR,McLaren,HARD,76,5,48.2,21.6,82.147,Monaco,-0.06749260423786745,92.0
NOR,McLaren,HARD,76,6,48.7,21.8,81.804,Monaco,-0.06749260423786745,96.66316237963657
NOR,McLaren,HARD,76,7,48.0,21.8,80.828,Monaco,-0.06749260423786745,100.0
NOR,McLaren,HARD,76,8,47.9,21.9,80.82,Monaco,-0.06749260423786745,100.0
NOR,McLaren,HARD,76,9,47.4,22.1,80.397,Monaco,-0.06749260423786745,100.0
NOR,McLaren,HARD,76,10,47.9,22.1,80.972,Monaco,-0.06749260423786745,100.0
NOR,McLaren,HARD,76,11,47.9,22.2,80.87,Monaco,-0.06749260423786745,100.0
NOR,McLaren,HARD,76,12,47.2,22.1,79.933,Monaco,-0.06749260423786745,100.0
NOR,McLaren,HARD,76,13,47.1,22.0,79.82,Monaco,-0.06749260423786745,100.0
NOR,McLaren,HARD,76,14,47.1,22.0,79.385,Monaco,-0.06749260423786745,100.0
NOR,McLaren,HARD,76,15,46.0,22.0,79.775,Monaco,-0.06749260423786745,100.0
NOR,McLaren,HARD,76,16,46.1,21.8,79.637,Monaco,-0.06749260423786745,100.0
NOR,McLaren,HARD,76,17,46.7,21.6,80.337,Monaco,-0.06749260423786745,100.0
NOR,McLaren,HARD,76,18,46.7,21.8,79.398,Monaco,-0.06749260423786745,100.0
NOR,McLaren,HARD,76,19,46.6,21.9,79.28,Monaco,-0.06749260423786745,100.0
NOR,McLaren,HARD,76,20,45.8,21.9,79.043,Monaco,-0.06749260423786745,100.0
NOR,McLaren,HARD,76,21,45.9,21.8,78.983,Monaco,-0.06749260423786745,100.0
NOR,McLaren,HARD,76,22,45.9,21.8,78.981,Monaco,-0.06749260423786745,100.0
NOR,McLaren,HARD,76,23,46.1,21.7,79.194,Monaco,-0.06749260423786745,100.0
NOR,McLaren,HARD,76,24,45.7,21.7,78.699,Monaco,-0.06749260423786745,100.0
NOR,McLaren,HARD,76,25,45.7,21.7,78.64,Monaco,-0.06749260423786745,100.0
NOR,McLaren,HARD,76,26,46.0,21.8,78.396,Monaco,-0.06749260423786745,100.0
NOR,McLaren,HARD,76,27,46.0,21.9,78.72,Monaco,-0.06749260423786745,95.92010689365078
NOR,McLaren,HARD,76,28,45.6,22.0,79.238,Monaco,-0.06749260423786745,84.70710149948044
NOR,McLaren,HARD,76,29,45.9,22.0,78.766,Monaco,-0.06749260423786745,91.86644232196758
NOR,McLaren,HARD,76,30,46.4,22.0,78.403,Monaco,-0.06749260423786745,97.00296926807536
NOR,McLaren,HARD,76,31,45.5,22.0,78.78,Monaco,-0.06749260423786745,88.40663136536847
NOR,McLaren,HARD,76,32,45.6,21.9,79.538,Monaco,-0.06749260423786745,72.59361544172228
NOR,McLaren,HARD,76,33,45.9,21.9,79.233,Monaco,-0.06749260423786745,76.6543429844096
NOR,McLaren,HARD,76,34,45.1,22.0,79.243,Monaco,-0.06749260423786745,74.86874536005936
NOR,McLaren,HARD,76,35,44.5,21.9,78.714,Monaco,-0.06749260423786745,83.08685968819589
NOR,McLaren,HARD,76,36,44.4,21.8,78.582,Monaco,-0.06749260423786745,83.93674832962138
NOR,McLaren,HARD,76,37,44.5,21.8,77.958,Monaco,-0.06749260423786745,86.30542930706383
NOR,McLaren,HARD,76,38,44.8,21.8,77.994,Monaco,-0.06749260423786745,84.03376245382302
NOR,McLaren,HARD,76,39,44.7,21.8,78.303,Monaco,-0.06749260423786745,76.66862196350627
NOR,McLaren,HARD,76,40,44.4,22.0,78.824,Monaco,-0.06749260423786745,65.34811000410477
NOR,McLaren,HARD,76,41,44.4,22.0,78.519,Monaco,-0.06749260423786745,69.43862084406135
NOR,McLaren,HARD,76,42,44.7,21.9,79.436,Monaco,-0.06749260423786745,50.72977349901113
NOR,McLaren,HARD,76,43,44.8,21.9,79.796,Monaco,-0.06749260423786745,42.413104966603214
NOR,McLaren,HARD,76,44,44.5,22.0,78.906,Monaco,-0.06749260423786745,57.41820217172282
NOR,McLaren,HARD,76,45,44.2,22.0,77.897,Monaco,-0.06749260423786745,74.64353147505503
NOR,McLaren,HARD,76,46,44.5,21.9,78.215,Monaco,-0.06749260423786745,67.11047427142807
NOR,McLaren,HARD,76,47,43.8,22.0,78.141,Monaco,-0.06749260423786745,66.89112280308966
NOR,McLaren,HARD,76,48,43.8,22.0,77.975,Monaco,-0.06749260423786745,68.38825329303353
NOR,McLaren,HARD,76,49,43.7,22.0,78.177,Monaco,-0.06749260423786745,63.019455949848854
NOR,McLaren,HARD,76,50,43.7,21.9,78.218,Monaco,-0.06749260423786745,60.654502033658005
NOR,McLaren,HARD,76,51,43.0,21.8,77.772,Monaco,-0.06749260423786745,67.3757080488078
NOR,McLaren,HARD,76,52,43.2,21.8,78.223,Monaco,-0.06749260423786745,48.88937485143822
NOR,McLaren,HARD,76,53,43.0,21.9,77.57,Monaco,-0.06749260423786745,59.54338758710446
NOR,McLaren,HARD,76,54,42.8,21.9,77.838,Monaco,-0.06749260423786745,52.91417562208374
NOR,McLaren,HARD,76,55,42.5,21.7,78.382,Monaco,-0.06749260423786745,41.105625961742994
NOR,McLaren,HARD,76,56,42.4,21.7,78.155,Monaco,-0.06749260423786745,43.765443558980756
NOR,McLaren,HARD,76,57,42.4,21.7,77.815,Monaco,-0.06749260423786745,46.47852668504127
NOR,McLaren,HARD,76,58,42.2,21.8,77.395,Monaco,-0.06749260423786745,52.771285392132256
NOR,McLaren,HARD,76,59,41.9,21.6,77.122,Monaco,-0.06749260423786745,56.301578551741294
NOR,McLaren,HARD,76,60,42.3,21.6,76.695,Monaco,-0.06749260423786745,62.72588323728389
NOR,McLaren,HARD,76,61,42.0,21.6,77.614,Monaco,-0.06749260423786745,43.85577549486324
NOR,McLaren,HARD,76,62,42.0,21.8,76.026,Monaco,-0.06749260423786745,64.2691692385213
NOR,McLaren,HARD,76,63,42.0,22.0,76.876,Monaco,-0.06749260423786745,46.60820054166405
NOR,McLaren,HARD,76,64,42.0,21.9,75.742,Monaco,-0.06749260423786745,66.43542230900044
NOR,McLaren,HARD,76,65,41.7,21.9,77.143,Monaco,-0.06749260423786745,38.36316684512195
NOR,McLaren,HARD,76,66,41.7,22.0,76.214,Monaco,-0.06749260423786745,54.316860867922266
NOR,McLaren,HARD,76,67,40.9,21.8,76.115,Monaco,-0.06749260423786745,54.58749133967393
NOR,McLaren,HARD,76,68,41.1,21.7,76.172,Monaco,-0.06749260423786745,51.91046167411995
NOR,McLaren,HARD,76,69,41.6,21.8,76.314,Monaco,-0.06749260423786745,47.62733513888037
NOR,McLaren,HARD,76,70,41.6,21.8,77.213,Monaco,-0.06749260423786745,35.0
NOR,McLaren,HARD,76,71,41.0,21.6,76.609,Monaco,-0.06749260423786745,38.85323423820641
NOR,McLaren,HARD,76,72,40.5,21.6,76.801,Monaco,-0.06749260423786745,35.0
NOR,McLaren,HARD,76,73,40.5,21.6,76.285,Monaco,-0.06749260423786745,41.77529760030248
NOR,McLaren,HARD,76,74,40.8,21.7,76.429,Monaco,-0.06749260423786745,37.454380550481886
NOR,McLaren,HARD,76,75,40.6,21.7,76.517,Monaco,-0.06749260423786745,35.0
NOR,McLaren,HARD,76,76,40.6,21.7,76.671,Monaco,-0.06749260423786745,35.0
NOR,McLaren,HARD,76,77,40.9,21.8,76.512,Monaco,-0.06749260423786745,35.0
NOR,McLaren,HARD,76,78,40.2,21.8,77.296,Monaco,-0.06749260423786745,35.0
RUS,Mercedes,MEDIUM,76,2,49.2,21.7,85.319,Monaco,-0.08788493506493507,95.0
RUS,Mercedes,MEDIUM,76,3,48.8,21.7,82.868,Monaco,-0.08788493506493507,94.0
RUS,Mercedes,MEDIUM,76,4,48.2,21.6,83.045,Monaco,-0.08788493506493507,88.79610947531
RUS,Mercedes,MEDIUM,76,5,48.7,21.8,83.012,Monaco,-0.08788493506493507,87.39344499686239
RUS,Mercedes,MEDIUM,76,6,48.0,21.8,81.415,Monaco,-0.08788493506493507,100.0
RUS,Mercedes,MEDIUM,76,7,47.9,21.9,81.612,Monaco,-0.08788493506493507,100.0
RUS,Mercedes,MEDIUM,76,8,47.4,22.1,81.433,Monaco,-0.08788493506493507,100.0
RUS,Mercedes,MEDIUM,76,9,47.9,22.1,81.531,Monaco,-0.08788493506493507,100.0
RUS,Mercedes,MEDIUM,76,10,47.9,22.2,81.452,Monaco,-0.08788493506493507,100.0
RUS,Mercedes,MEDIUM,76,11,47.2,22.1,80.316,Monaco,-0.08788493506493507,100.0
RUS,Mercedes,MEDIUM,76,12,47.1,22.0,80.525,Monaco,-0.08788493506493507,100.0
RUS,Mercedes,MEDIUM,76,13,47.1,22.0,80.272,Monaco,-0.08788493506493507,100.0
RUS,Mercedes,MEDIUM,76,14,46.0,22.0,80.202,Monaco,-0.08788493506493507,100.0
RUS,Mercedes,MEDIUM,76,15,46.1,21.8,79.913,Monaco,-0.08788493506493507,100.0
RUS,Mercedes,MEDIUM,76,16,47.2,21.7,80.15,Monaco,-0.08788493506493507,100.0
RUS,Mercedes,MEDIUM,76,17,46.7,21.8,79.438,Monaco,-0.08788493506493507,100.0
RUS,Mercedes,MEDIUM,76,18,46.6,21.9,80.157,Monaco,-0.08788493506493507,100.0
RUS,Mercedes,MEDIUM,76,19,45.8,21.9,80.053,Monaco,-0.08788493506493507,100.0
RUS,Mercedes,MEDIUM,76,20,45.9,21.8,79.788,Monaco,-0.08788493506493507,100.0
RUS,Mercedes,MEDIUM,76,21,45.9,21.8,79.691,Monaco,-0.08788493506493507,100.0
RUS,Mercedes,MEDIUM,76,22,46.1,21.7,79.397,Monaco,-0.08788493506493507,100.0
RUS,Mercedes,MEDIUM,76,23,45.7,21.7,79.484,Monaco,-0.08788493506493507,100.0
RUS,Mercedes,MEDIUM,76,24,45.7,21.7,78.651,Monaco,-0.08788493506493507,100.0
RUS,Mercedes,MEDIUM,76,25,46.0,21.8,79.006,Monaco,-0.08788493506493507,100.0
RUS,Mercedes,MEDIUM,76,26,46.0,21.9,78.927,Monaco,-0.08788493506493507,93.83921881717127
RUS,Mercedes,MEDIUM,76,27,45.6,22.0,78.679,Monaco,-0.08788493506493507,96.40840140023344
RUS,Mercedes,MEDIUM,76,28,45.9,22.0,78.624,Monaco,-0.08788493506493507,95.4217281827675
RUS,Mercedes,MEDIUM,76,29,45.5,22.1,78.811,Monaco,-0.08788493506493507,89.97641712215191
RUS,Mercedes,MEDIUM,76,30,45.5,22.0,79.101,Monaco,-0.08788493506493507,82.63342135970044
RUS,Mercedes,MEDIUM,76,31,45.6,21.9,79.122,Monaco,-0.08788493506493507,80.24651477000563
RUS,Mercedes,MEDIUM,76,32,45.9,22.0,78.91,Monaco,-0.08788493506493507,82.15242891359104
RUS,Mercedes,MEDIUM,76,33,45.1,22.0,79.379,Monaco,-0.08788493506493507,71.51151507707426
RUS,Mercedes,MEDIUM,76,34,44.5,21.9,80.448,Monaco,-0.08788493506493507,49.816127249278615
RUS,Mercedes,MEDIUM,76,35,44.4,21.7,79.728,Monaco,-0.08788493506493507,61.081496038813704
RUS,Mercedes,MEDIUM,76,36,44.5,21.8,78.757,Monaco,-0.08788493506493507,76.97131978136707
RUS,Mercedes,MEDIUM,76,37,44.8,21.8,78.446,Monaco,-0.08788493506493507,80.70122213351362
RUS,Mercedes,MEDIUM,76,38,44.4,21.9,78.45,Monaco,-0.08788493506493507,78.62752564023833
RUS,Mercedes,MEDIUM,76,39,44.4,22.0,78.139,Monaco,-0.08788493506493507,82.35742799238488
RUS,Mercedes,MEDIUM,76,40,44.4,22.0,78.308,Monaco,-0.08788493506493507,77.2437511515077
RUS,Mercedes,MEDIUM,76,41,44.7,21.9,78.204,Monaco,-0.08788493506493507,77.159859976663
RUS,Mercedes,MEDIUM,76,42,44.8,21.9,78.684,Monaco,-0.08788493506493507,66.31628078363953
RUS,Mercedes,MEDIUM,76,43,44.5,22.0,78.177,Monaco,-0.08788493506493507,73.65731130627032
RUS,Mercedes,MEDIUM,76,44,44.2,22.0,78.449,Monaco,-0.08788493506493507,66.64594976355723
RUS,Mercedes,MEDIUM,76,45,44.5,22.0,78.387,Monaco,-0.08788493506493507,65.78824540932271
RUS,Mercedes,MEDIUM,76,46,43.8,22.0,78.314,Monaco,-0.08788493506493507,65.13320641159515
RUS,Mercedes,MEDIUM,76,47,43.8,22.0,78.702,Monaco,-0.08788493506493507,55.984646563901144
RUS,Mercedes,MEDIUM,76,48,43.7,21.9,78.985,Monaco,-0.08788493506493507,48.77061966468107
RUS,Mercedes,MEDIUM,76,49,43.7,21.9,78.447,Monaco,-0.08788493506493507,56.68279801019474
RUS,Mercedes,MEDIUM,76,50,43.0,21.8,78.049,Monaco,-0.08788493506493507,62.01559909107657
RUS,Mercedes,MEDIUM,76,51,43.2,21.9,78.602,Monaco,-0.08788493506493507,30.011056327506324
RUS,Mercedes,MEDIUM,76,52,43.0,21.9,80.891,Monaco,-0.08788493506493507,25.0
RUS,Mercedes,MEDIUM,76,53,42.8,21.9,78.201,Monaco,-0.08788493506493507,33.50022411474691
RUS,Mercedes,MEDIUM,76,54,42.5,21.7,77.305,Monaco,-0.08788493506493507,48.234125205438424
RUS,Mercedes,MEDIUM,76,55,42.2,21.6,77.071,Monaco,-0.08788493506493507,50.60436276707015
RUS,Mercedes,MEDIUM,76,56,42.4,21.7,76.91,Monaco,-0.08788493506493507,51.611235619303855
RUS,Mercedes,MEDIUM,76,57,42.2,21.8,77.142,Monaco,-0.08788493506493507,45.278350515464034
RUS,Mercedes,MEDIUM,76,58,42.3,21.5,76.842,Monaco,-0.08788493506493507,48.88121918422238
RUS,Mercedes,MEDIUM,76,59,42.3,21.6,76.604,Monaco,-0.08788493506493507,51.326161661437375
RUS,Mercedes,MEDIUM,76,60,42.0,21.6,76.697,Monaco,-0.08788493506493507,47.58927237412222
RUS,Mercedes,MEDIUM,76,61,42.0,21.8,76.787,Monaco,-0.08788493506493507,43.122334064181764
RUS,Mercedes,MEDIUM,76,62,41.2,21.9,76.581,Monaco,-0.08788493506493507,44.97174606338452
RUS,Mercedes,MEDIUM,76,63,42.0,21.9,76.133,Monaco,-0.08788493506493507,51.343282838349765
RUS,Mercedes,MEDIUM,76,64,41.7,21.9,75.651,Monaco,-0.08788493506493507,58.350159457843496
RUS,Mercedes,MEDIUM,76,65,41.6,22.0,75.848,Monaco,-0.08788493506493507,52.66892565278067
RUS,Mercedes,MEDIUM,76,66,40.9,21.8,76.157,Monaco,-0.08788493506493507,43.652726864666754
RUS,Mercedes,MEDIUM,76,67,41.1,21.7,75.931,Monaco,-0.08788493506493507,45.87955412583228
RUS,Mercedes,MEDIUM,76,68,41.6,21.8,75.869,Monaco,-0.08788493506493507,45.03912620632897
RUS,Mercedes,MEDIUM,76,69,41.1,21.7,75.251,Monaco,-0.08788493506493507,54.597441460312574
RUS,Mercedes,MEDIUM,76,70,41.0,21.6,75.827,Monaco,-0.08788493506493507,41.8246427769881
RUS,Mercedes,MEDIUM,76,71,40.5,21.6,75.839,Monaco,-0.08788493506493507,34.47066184475614
RUS,Mercedes,MEDIUM,76,72,40.5,21.6,75.228,Monaco,-0.08788493506493507,43.93938408018727
RUS,Mercedes,MEDIUM,76,73,40.8,21.7,75.376,Monaco,-0.08788493506493507,39.161362982243034
RUS,Mercedes,MEDIUM,76,74,40.6,21.7,75.525,Monaco,-0.08788493506493507,34.364571471475045
RUS,Mercedes,MEDIUM,76,75,40.6,21.7,75.753,Monaco,-0.08788493506493507,28.084917347615473
RUS,Mercedes,MEDIUM,76,76,40.9,21.8,75.532,Monaco,-0.08788493506493507,30.233178581707605
RUS,Mercedes,MEDIUM,76,77,40.2,21.8,76.303,Monaco,-0.08788493506493507,25.0
VER,Red Bull Racing,MEDIUM,49,2,49.2,21.7,85.744,Monaco,-0.0950638775510205,95.0
VER,Red Bull Racing,MEDIUM,49,3,48.8,21.7,83.275,Monaco,-0.0950638775510205,94.0
VER,Red Bull Racing,MEDIUM,49,4,48.2,21.6,83.4,Monaco,-0.0950638775510205,89.74842389672772
VER,Red Bull Racing,MEDIUM,49,5,48.7,21.8,83.787,Monaco,-0.0950638775510205,80.7775442809967
VER,Red Bull Racing,MEDIUM,49,6,48.0,21.8,81.283,Monaco,-0.0950638775510205,100.0
VER,Red Bull Racing,MEDIUM,49,7,47.9,21.9,81.657,Monaco,-0.0950638775510205,100.0
VER,Red Bull Racing,MEDIUM,49,8,47.4,22.1,81.74,Monaco,-0.0950638775510205,100.0
VER,Red Bull Racing,MEDIUM,49,9,47.9,22.1,81.244,Monaco,-0.0950638775510205,100.0
VER,Red Bull Racing,MEDIUM,49,10,47.3,22.3,81.492,Monaco,-0.0950638775510205,100.0
VER,Red Bull Racing,MEDIUM,49,11,47.2,22.1,80.659,Monaco,-0.0950638775510205,100.0
VER,Red Bull Racing,MEDIUM,49,12,47.1,22.0,79.904,Monaco,-0.0950638775510205,100.0
VER,Red Bull Racing,MEDIUM,49,13,47.1,22.0,79.723,Monaco,-0.0950638775510205,100.0
VER,Red Bull Racing,MEDIUM,49,14,46.0,22.0,80.37,Monaco,-0.0950638775510205,100.0
VER,Red Bull Racing,MEDIUM,49,15,46.1,21.8,80.287,Monaco,-0.0950638775510205,100.0
VER,Red Bull Racing,MEDIUM,49,16,47.2,21.7,79.898,Monaco,-0.0950638775510205,100.0
VER,Red Bull Racing,MEDIUM,49,17,46.7,21.8,79.58,Monaco,-0.0950638775510205,100.0
VER,Red Bull Racing,MEDIUM,49,18,46.6,21.9,80.171,Monaco,-0.0950638775510205,100.0
VER,Red Bull Racing,MEDIUM,49,19,45.8,21.9,79.886,Monaco,-0.0950638775510205,100.0
VER,Red Bull Racing,MEDIUM,49,20,45.9,21.8,80.255,Monaco,-0.0950638775510205,100.0
VER,Red Bull Racing,MEDIUM,49,21,45.9,21.8,79.813,Monaco,-0.0950638775510205,100.0
VER,Red Bull Racing,MEDIUM,49,22,46.3,21.8,78.979,Monaco,-0.0950638775510205,100.0
VER,Red Bull Racing,MEDIUM,49,23,45.7,21.7,79.364,Monaco,-0.0950638775510205,100.0
VER,Red Bull Racing,MEDIUM,49,24,45.7,21.7,79.38,Monaco,-0.0950638775510205,100.0
VER,Red Bull Racing,MEDIUM,49,25,46.0,21.8,78.818,Monaco,-0.0950638775510205,100.0
VER,Red Bull Racing,MEDIUM,49,26,46.0,21.9,78.797,Monaco,-0.0950638775510205,93.87675159627481
VER,Red Bull Racing,MEDIUM,49,27,45.6,22.0,78.682,Monaco,-0.0950638775510205,93.99896657357625
VER,Red Bull Racing,MEDIUM,49,28,45.9,22.0,78.795,Monaco,-0.0950638775510205,89.9136596828365
VER,Red Bull Racing,MEDIUM,49,29,45.5,22.1,78.574,Monaco,-0.0950638775510205,91.99200324791167
VER,Red Bull Racing,MEDIUM,49,30,45.5,22.0,78.564,Monaco,-0.0950638775510205,90.17654368072058
VER,Red Bull Racing,MEDIUM,49,31,45.6,21.9,78.983,Monaco,-0.0950638775510205,80.44429954603048
VER,Red Bull Racing,MEDIUM,49,32,45.9,22.0,79.005,Monaco,-0.0950638775510205,78.03831059385122
VER,Red Bull Racing,MEDIUM,49,33,45.1,22.0,79.594,Monaco,-0.0950638775510205,65.16887910141125
VER,Red Bull Racing,MEDIUM,49,34,44.5,21.9,80.207,Monaco,-0.0950638775510205,51.85655057023007
VER,Red Bull Racing,MEDIUM,49,35,44.4,21.7,79.634,Monaco,-0.0950638775510205,60.43071737017582
VER,Red Bull Racing,MEDIUM,49,36,44.5,21.8,79.429,Monaco,-0.0950638775510205,62.21379624275677
VER,Red Bull Racing,MEDIUM,49,37,44.8,21.8,78.844,Monaco,-0.0950638775510205,71.00941156207338
VER,Red Bull Racing,MEDIUM,49,38,44.4,21.9,78.326,Monaco,-0.0950638775510205,78.5686059815707
VER,Red Bull Racing,MEDIUM,49,39,44.4,22.0,78.409,Monaco,-0.0950638775510205,75.0369203892572
VER,Red Bull Racing,MEDIUM,49,40,44.4,22.0,78.083,Monaco,-0.0950638775510205,79.05293849882514
VER,Red Bull Racing,MEDIUM,49,41,44.8,21.9,78.074,Monaco,-0.0950638775510205,76.52739894638377
VER,Red Bull Racing,MEDIUM,49,42,44.8,21.9,78.358,Monaco,-0.0950638775510205,69.28393481364769
VER,Red Bull Racing,MEDIUM,49,43,44.5,22.0,78.405,Monaco,-0.0950638775510205,66.41617842548371
VER,Red Bull Racing,MEDIUM,49,44,44.2,22.0,78.313,Monaco,-0.0950638775510205,66.11476539806011
VER,Red Bull Racing,MEDIUM,49,45,44.5,22.0,78.203,Monaco,-0.0950638775510205,66.1456846044015
VER,Red Bull Racing,MEDIUM,49,46,43.8,22.0,78.537,Monaco,-0.0950638775510205,57.97907537787394
VER,Red Bull Racing,MEDIUM,49,47,43.8,22.0,78.337,Monaco,-0.0950638775510205,59.671655753040156
VER,Red Bull Racing,MEDIUM,49,48,43.7,21.9,78.477,Monaco,-0.0950638775510205,55.08684949042382
VER,Red Bull Racing,MEDIUM,49,49,43.7,21.9,78.88,Monaco,-0.0950638775510205,45.646300034464154
VER,Red Bull Racing,MEDIUM,49,50,43.0,21.8,78.142,Monaco,-0.0950638775510205,57.2719216188273
VER,Red Bull Racing,HARD,25,3,42.8,21.9,75.815,Monaco,0.0,95.0
VER,Red Bull Racing,HARD,25,4,42.4,21.7,75.398,Monaco,0.0,93.6
VER,Red Bull Racing,HARD,25,5,42.2,21.6,75.466,Monaco,0.0,90.6471789702645
VER,Red Bull Racing,HARD,25,6,42.4,21.7,76.181,Monaco,0.0,74.82266373113342
VER,Red Bull Racing,HARD,25,7,42.2,21.8,74.569,Monaco,0.0,100.0
VER,Red Bull Racing,HARD,25,8,42.3,21.5,74.748,Monaco,0.0,100.0
VER,Red Bull Racing,HARD,25,9,42.3,21.6,75.238,Monaco,0.0,88.78310830526001
VER,Red Bull Racing,HARD,25,10,42.0,21.6,75.121,Monaco,0.0,89.51075625348155
VER,Red Bull Racing,HARD,25,11,42.0,21.8,76.561,Monaco,0.0,59.26278150614053
VER,Red Bull Racing,HARD,25,12,41.2,21.9,76.547,Monaco,0.0,57.941303482850984
VER,Red Bull Racing,HARD,25,13,42.0,21.9,76.619,Monaco,0.0,54.908904745483895
VER,Red Bull Racing,HARD,25,14,41.7,21.9,75.468,Monaco,0.0,76.20739011644856
VER,Red Bull Racing,HARD,25,15,41.6,22.0,76.121,Monaco,0.0,61.616329345606005
VER,Red Bull Racing,HARD,25,16,40.9,21.8,76.276,Monaco,0.0,56.932693174885266
VER,Red Bull Racing,HARD,25,17,41.1,21.7,75.954,Monaco,0.0,61.738698639221255
VER,Red Bull Racing,HARD,25,18,41.6,21.8,75.463,Monaco,0.0,69.90686225098813
VER,Red Bull Racing,HARD,25,19,41.1,21.7,75.449,Monaco,0.0,68.58538422769831
VER,Red Bull Racing,HARD,25,20,41.0,21.6,75.659,Monaco,0.0,62.807554577044286
VER,Red Bull Racing,HARD,25,21,40.5,21.6,75.733,Monaco,0.0,59.73536698586153
VER,Red Bull Racing,HARD,25,22,40.5,21.6,75.436,Monaco,0.0,64.04401177750051
VER,Red Bull Racing,HARD,25,23,40.8,21.7,75.38,Monaco,0.0,63.55809968434178
VER,Red Bull Racing,HARD,25,24,40.6,21.7,75.396,Monaco,0.0,61.63978885381566
VER,Red Bull Racing,HARD,25,25,40.6,21.7,75.641,Monaco,0.0,55.16565426138606
VER,Red Bull Racing,HARD,25,26,40.9,21.8,75.543,Monaco,0.0,55.51530809835784
VER,Red Bull Racing,HARD,25,27,40.2,21.8,76.248,Monaco,0.0,35.0
HAM,Mercedes,MEDIUM,48,2,49.2,21.7,87.058,Monaco,-0.10738992618323931,95.0
HAM,Mercedes,MEDIUM,48,3,48.8,21.7,83.376,Monaco,-0.10738992618323931,94.0
HAM,Mercedes,MEDIUM,48,4,48.2,21.6,83.64,Monaco,-0.10738992618323931,87.25043177892927
HAM,Mercedes,MEDIUM,48,5,48.7,21.8,83.369,Monaco,-0.10738992618323931,90.12593552101333
HAM,Mercedes,MEDIUM,48,6,48.0,21.8,81.463,Monaco,-0.10738992618323931,100.0
HAM,Mercedes,MEDIUM,48,7,47.9,21.9,81.612,Monaco,-0.10738992618323931,100.0
HAM,Mercedes,MEDIUM,48,8,47.4,22.1,81.851,Monaco,-0.10738992618323931,100.0
HAM,Mercedes,MEDIUM,48,9,47.9,22.1,81.437,Monaco,-0.10738992618323931,100.0
HAM,Mercedes,MEDIUM,48,10,47.3,22.3,81.325,Monaco,-0.10738992618323931,100.0
HAM,Mercedes,MEDIUM,48,11,47.2,22.1,81.164,Monaco,-0.10738992618323931,100.0
HAM,Mercedes,MEDIUM,48,12,47.1,22.0,80.171,Monaco,-0.10738992618323931,100.0
HAM,Mercedes,MEDIUM,48,13,47.1,22.0,80.126,Monaco,-0.10738992618323931,100.0
HAM,Mercedes,MEDIUM,48,14,46.0,22.0,79.971,Monaco,-0.10738992618323931,100.0
HAM,Mercedes,MEDIUM,48,15,46.1,21.8,80.384,Monaco,-0.10738992618323931,100.0
HAM,Mercedes,MEDIUM,48,16,47.2,21.7,79.738,Monaco,-0.10738992618323931,100.0
HAM,Mercedes,MEDIUM,48,17,46.7,21.8,80.037,Monaco,-0.10738992618323931,100.0
HAM,Mercedes,MEDIUM,48,18,46.6,21.9,79.874,Monaco,-0.10738992618323931,100.0
HAM,Mercedes,MEDIUM,48,19,45.8,21.9,80.504,Monaco,-0.10738992618323931,100.0
HAM,Mercedes,MEDIUM,48,20,45.9,21.8,79.76,Monaco,-0.10738992618323931,100.0
HAM,Mercedes,MEDIUM,48,21,45.9,21.8,80.59,Monaco,-0.10738992618323931,100.0
HAM,Mercedes,MEDIUM,48,22,46.3,21.8,79.089,Monaco,-0.10738992618323931,100.0
HAM,Mercedes,MEDIUM,48,23,45.7,21.7,78.785,Monaco,-0.10738992618323931,100.0
HAM,Mercedes,MEDIUM,48,24,45.7,21.7,79.342,Monaco,-0.10738992618323931,100.0
HAM,Mercedes,MEDIUM,48,25,46.0,21.9,79.862,Monaco,-0.10738992618323931,100.0
HAM,Mercedes,MEDIUM,48,26,46.0,21.9,78.549,Monaco,-0.10738992618323931,100.0
HAM,Mercedes,MEDIUM,48,27,45.6,22.0,78.587,Monaco,-0.10738992618323931,98.95655696451132
HAM,Mercedes,MEDIUM,48,28,45.9,22.0,78.94,Monaco,-0.10738992618323931,90.45667358187146
HAM,Mercedes,MEDIUM,48,29,45.5,22.1,78.371,Monaco,-0.10738992618323931,98.93382271706172
HAM,Mercedes,MEDIUM,48,30,45.5,22.0,78.471,Monaco,-0.10738992618323931,95.09249597976978
HAM,Mercedes,MEDIUM,48,31,45.6,21.9,78.618,Monaco,-0.10738992618323931,90.38574567595103
HAM,Mercedes,MEDIUM,48,32,45.9,22.0,78.746,Monaco,-0.10738992618323931,86.02884745221755
HAM,Mercedes,MEDIUM,48,33,45.1,22.0,78.86,Monaco,-0.10738992618323931,81.92973497170485
HAM,Mercedes,MEDIUM,48,34,44.5,21.9,79.518,Monaco,-0.10738992618323931,67.81380504032492
HAM,Mercedes,MEDIUM,48,35,44.4,21.7,80.648,Monaco,-0.10738992618323931,45.00681290892794
HAM,Mercedes,MEDIUM,48,36,44.5,21.8,78.605,Monaco,-0.10738992618323931,80.62511815179879
HAM,Mercedes,MEDIUM,48,37,44.8,21.8,80.514,Monaco,-0.10738992618323931,43.47419073689892
HAM,Mercedes,MEDIUM,48,38,44.4,21.9,78.943,Monaco,-0.10738992618323931,70.4014337797527
HAM,Mercedes,MEDIUM,48,39,44.4,22.0,78.673,Monaco,-0.10738992618323931,73.3730159704404
HAM,Mercedes,MEDIUM,48,40,44.4,22.0,78.946,Monaco,-0.10738992618323931,66.34619397763394
HAM,Mercedes,MEDIUM,48,41,44.8,21.9,77.542,Monaco,-0.10738992618323931,89.74257401426864
HAM,Mercedes,MEDIUM,48,42,44.8,21.9,77.867,Monaco,-0.10738992618323931,81.75635153554268
HAM,Mercedes,MEDIUM,48,43,44.5,22.0,78.225,Monaco,-0.10738992618323931,73.1622972359002
HAM,Mercedes,MEDIUM,48,44,44.2,22.0,78.156,Monaco,-0.10738992618323931,72.43321831599872
HAM,Mercedes,MEDIUM,48,45,44.5,22.0,78.104,Monaco,-0.10738992618323931,71.39101391259499
HAM,Mercedes,MEDIUM,48,46,43.8,22.0,78.331,Monaco,-0.10738992618323931,63.22287119581924
HAM,Mercedes,MEDIUM,48,47,43.8,22.0,77.831,Monaco,-0.10738992618323931,70.44512757454655
HAM,Mercedes,MEDIUM,48,48,43.7,21.9,77.398,Monaco,-0.10738992618323931,76.43160159852457
HAM,Mercedes,MEDIUM,48,49,43.7,21.9,78.461,Monaco,-0.10738992618323931,54.8250845373502
HAM,Mercedes,HARD,26,3,43.0,21.9,76.458,Monaco,0.0,95.0
HAM,Mercedes,HARD,26,4,42.8,21.9,76.388,Monaco,0.0,93.6
HAM,Mercedes,HARD,26,5,42.4,21.7,76.492,Monaco,0.0,89.95779441797143
HAM,Mercedes,HARD,26,6,42.2,21.6,74.423,Monaco,0.0,100.0
HAM,Mercedes,HARD,26,7,42.4,21.7,77.857,Monaco,0.0,59.95384615384627
HAM,Mercedes,HARD,26,8,41.9,21.6,76.855,Monaco,0.0,78.02971147300626
HAM,Mercedes,HARD,26,9,42.3,21.5,74.204,Monaco,0.0,100.0
HAM,Mercedes,HARD,26,10,42.3,21.6,75.848,Monaco,0.0,94.60375975284089
HAM,Mercedes,HARD,26,11,42.0,21.6,75.274,Monaco,0.0,100.0
HAM,Mercedes,HARD,26,12,42.0,22.0,75.414,Monaco,0.0,99.92604073938323
HAM,Mercedes,HARD,26,13,41.2,21.9,74.165,Monaco,0.0,100.0
HAM,Mercedes,HARD,26,14,42.0,21.9,76.164,Monaco,0.0,81.9985966382155
HAM,Mercedes,HARD,26,15,41.7,21.9,75.19,Monaco,0.0,99.52463737759872
HAM,Mercedes,HARD,26,16,41.6,22.0,75.342,Monaco,0.0,94.93987537309538
HAM,Mercedes,HARD,26,17,40.9,21.8,76.117,Monaco,0.0,78.12151646855528
HAM,Mercedes,HARD,26,18,41.1,21.7,75.836,Monaco,0.0,82.03939885845958
HAM,Mercedes,HARD,26,19,41.6,21.8,75.648,Monaco,0.0,84.131078179819
HAM,Mercedes,HARD,26,20,41.1,21.7,75.638,Monaco,0.0,82.72744410116772
HAM,Mercedes,HARD,26,21,41.0,21.6,75.643,Monaco,0.0,81.02926114049336
HAM,Mercedes,HARD,26,22,40.5,21.6,75.468,Monaco,0.0,43.73796272657643
HAM,Mercedes,HARD,26,23,40.5,21.6,75.134,Monaco,0.0,48.86975263023531
HAM,Mercedes,HARD,26,24,40.8,21.7,75.324,Monaco,0.0,43.44029130779471
HAM,Mercedes,HARD,26,25,40.6,21.7,75.324,Monaco,0.0,41.84029130779471
HAM,Mercedes,HARD,26,26,40.6,21.7,75.245,Monaco,0.0,41.83254101554621
HAM,Mercedes,HARD,26,27,40.9,21.8,75.697,Monaco,0.0,35.0
HAM,Mercedes,HARD,26,28,40.2,21.8,76.355,Monaco,0.0,35.0
TSU,RB,HARD,75,3,49.2,21.7,87.563,Monaco,-0.06677294452347081,95.0
TSU,RB,HARD,75,4,48.8,21.7,83.327,Monaco,-0.06677294452347081,93.6
TSU,RB,HARD,75,5,48.2,21.6,83.493,Monaco,-0.06677294452347081,89.01177289474006
TSU,RB,HARD,75,6,48.7,21.8,83.224,Monaco,-0.06677294452347081,92.25414091470942
TSU,RB,HARD,75,7,48.0,21.8,81.826,Monaco,-0.06677294452347081,100.0
TSU,RB,HARD,75,8,47.9,21.9,81.651,Monaco,-0.06677294452347081,100.0
TSU,RB,HARD,75,9,47.4,22.1,81.896,Monaco,-0.06677294452347081,100.0
TSU,RB,HARD,75,10,47.9,22.1,81.591,Monaco,-0.06677294452347081,100.0
TSU,RB,HARD,75,11,47.3,22.3,81.289,Monaco,-0.06677294452347081,100.0
TSU,RB,HARD,75,12,47.2,22.1,81.089,Monaco,-0.06677294452347081,100.0
TSU,RB,HARD,75,13,47.1,22.0,80.682,Monaco,-0.06677294452347081,100.0
TSU,RB,HARD,75,14,47.1,22.0,81.249,Monaco,-0.06677294452347081,100.0
TSU,RB,HARD,75,15,46.0,22.0,80.099,Monaco,-0.06677294452347081,100.0
TSU,RB,HARD,75,16,46.1,21.8,80.847,Monaco,-0.06677294452347081,100.0
TSU,RB,HARD,75,17,47.2,21.7,80.335,Monaco,-0.06677294452347081,100.0
TSU,RB,HARD,75,18,46.7,21.8,80.612,Monaco,-0.06677294452347081,100.0
TSU,RB,HARD,75,19,46.6,21.9,80.77,Monaco,-0.06677294452347081,100.0
TSU,RB,HARD,75,20,45.8,21.9,79.991,Monaco,-0.06677294452347081,100.0
TSU,RB,HARD,75,21,45.9,21.8,80.557,Monaco,-0.06677294452347081,100.0
TSU,RB,HARD,75,22,45.9,21.8,80.875,Monaco,-0.06677294452347081,100.0
TSU,RB,HARD,75,23,46.3,21.8,80.45,Monaco,-0.06677294452347081,100.0
TSU,RB,HARD,75,24,45.7,21.7,80.386,Monaco,-0.06677294452347081,100.0
TSU,RB,HARD,75,25,45.7,21.7,80.329,Monaco,-0.06677294452347081,100.0
TSU,RB,HARD,75,26,46.0,21.9,80.448,Monaco,-0.06677294452347081,100.0
TSU,RB,HARD,75,27,46.0,21.9,80.286,Monaco,-0.06677294452347081,85.03063573925144
TSU,RB,HARD,75,28,45.6,22.0,80.184,Monaco,-0.06677294452347081,85.3004570674357
TSU,RB,HARD,75,29,46.4,22.0,79.837,Monaco,-0.06677294452347081,90.06151589959164
TSU,RB,HARD,75,30,45.5,22.1,80.495,Monaco,-0.06677294452347081,76.39933517463867
TSU,RB,HARD,75,31,45.5,22.0,80.19,Monaco,-0.06677294452347081,80.39046757754252
TSU,RB,HARD,75,32,45.9,21.9,81.023,Monaco,-0.06677294452347081,60.33690708013374
TSU,RB,HARD,75,33,45.9,22.0,80.749,Monaco,-0.06677294452347081,63.77052577433224
TSU,RB,HARD,75,34,45.1,22.0,79.153,Monaco,-0.06677294452347081,91.49043612448085
TSU,RB,HARD,75,35,44.4,21.8,78.973,Monaco,-0.06677294452347081,93.19719293088873
TSU,RB,HARD,75,36,44.4,21.7,79.472,Monaco,-0.06677294452347081,82.43012822868064
TSU,RB,HARD,75,37,44.5,21.8,80.071,Monaco,-0.06677294452347081,69.82597641180142
TSU,RB,HARD,75,38,44.7,21.8,80.117,Monaco,-0.06677294452347081,67.38091633905265
TSU,RB,HARD,75,39,44.4,21.9,79.855,Monaco,-0.06677294452347081,70.59408457949061
TSU,RB,HARD,75,40,44.4,22.0,79.745,Monaco,-0.06677294452347081,71.01488040562867
TSU,RB,HARD,75,41,44.7,21.9,80.772,Monaco,-0.06677294452347081,50.54799573795773
TSU,RB,HARD,75,42,44.8,21.9,80.32,Monaco,-0.06677294452347081,56.16654778100528
TSU,RB,HARD,75,43,44.8,21.9,80.135,Monaco,-0.06677294452347081,57.96765819759513
TSU,RB,HARD,75,44,44.2,22.0,80.394,Monaco,-0.06677294452347081,51.60610361436902
TSU,RB,HARD,75,45,44.5,21.9,80.144,Monaco,-0.06677294452347081,54.60219877192317
TSU,RB,HARD,75,46,44.5,22.0,80.294,Monaco,-0.06677294452347081,50.24454167739084
TSU,RB,HARD,75,47,43.8,22.0,80.426,Monaco,-0.06677294452347081,40.72466385365793
TSU,RB,HARD,75,48,43.7,22.0,80.543,Monaco,-0.06677294452347081,36.965700156232614
TSU,RB,HARD,75,49,43.7,21.9,80.109,Monaco,-0.06677294452347081,43.374163785998235
TSU,RB,HARD,75,50,43.0,21.8,79.553,Monaco,-0.06677294452347081,52.0338545190617
TSU,RB,HARD,75,51,43.2,21.8,78.64,Monaco,-0.06677294452347081,67.2811524314483
TSU,RB,HARD,75,52,43.2,21.9,80.114,Monaco,-0.06677294452347081,35.0
TSU,RB,HARD,75,53,42.8,21.9,79.854,Monaco,-0.06677294452347081,38.04526877874927
TSU,RB,HARD,75,54,42.5,21.7,85.77,Monaco,-0.06677294452347081,35.0
TSU,RB,HARD,75,55,42.4,21.7,79.781,Monaco,-0.06677294452347081,36.19563689279667
TSU,RB,HARD,75,56,42.4,21.7,78.502,Monaco,-0.06677294452347081,58.254826178643285
TSU,RB,HARD,75,57,42.2,21.8,78.499,Monaco,-0.06677294452347081,49.385260652933866
TSU,RB,HARD,75,58,41.9,21.6,78.737,Monaco,-0.06677294452347081,43.36048189187193
TSU,RB,HARD,75,59,42.3,21.6,78.035,Monaco,-0.06677294452347081,54.8117200862647
TSU,RB,HARD,75,60,42.0,21.6,79.659,Monaco,-0.06677294452347081,35.0
TSU,RB,HARD,75,61,42.0,21.8,80.298,Monaco,-0.06677294452347081,35.0
TSU,RB,HARD,75,62,41.2,21.9,79.375,Monaco,-0.06677294452347081,35.0
TSU,RB,HARD,75,63,42.0,21.9,83.218,Monaco,-0.06677294452347081,35.0
TSU,RB,HARD,75,64,41.7,21.9,77.631,Monaco,-0.06677294452347081,54.322689075630294
TSU,RB,HARD,75,65,41.6,22.0,77.019,Monaco,-0.06677294452347081,64.1006916040752
TSU,RB,HARD,75,66,40.9,21.8,78.197,Monaco,-0.06677294452347081,40.59989588755855
TSU,RB,HARD,75,67,41.1,21.7,78.148,Monaco,-0.06677294452347081,35.0
TSU,RB,HARD,75,68,41.6,21.8,78.209,Monaco,-0.06677294452347081,35.0
TSU,RB,HARD,75,69,41.1,21.7,80.032,Monaco,-0.06677294452347081,35.0
TSU,RB,HARD,75,70,41.0,21.6,79.347,Monaco,-0.06677294452347081,35.0
TSU,RB,HARD,75,71,40.5,21.6,78.258,Monaco,-0.06677294452347081,35.0
TSU,RB,HARD,75,72,40.8,21.7,77.079,Monaco,-0.06677294452347081,41.35501317120083
TSU,RB,HARD,75,73,40.8,21.7,75.955,Monaco,-0.06677294452347081,60.80396509319726
TSU,RB,HARD,75,74,40.6,21.7,75.462,Monaco,-0.06677294452347081,68.43629009101238
TSU,RB,HARD,75,75,40.9,21.8,74.992,Monaco,-0.06677294452347081,75.63789810109988
TSU,RB,HARD,75,76,40.9,21.8,75.205,Monaco,-0.06677294452347081,70.04908425823055
TSU,RB,HARD,75,77,40.2,21.8,74.72,Monaco,-0.06677294452347081,77.53159465161872
ALB,Williams,HARD,75,2,49.2,21.7,87.834,Monaco,-0.05465186344238975,95.0
ALB,Williams,HARD,75,3,48.8,21.7,83.286,Monaco,-0.05465186344238975,95.2
ALB,Williams,HARD,75,4,48.2,21.6,83.369,Monaco,-0.05465186344238975,92.10515092572584
ALB,Williams,HARD,75,5,48.7,21.8,83.416,Monaco,-0.05465186344238975,89.65867012463087
ALB,Williams,HARD,75,6,48.0,21.8,81.913,Monaco,-0.05465186344238975,100.0
ALB,Williams,HARD,75,7,47.9,21.9,81.536,Monaco,-0.05465186344238975,100.0
ALB,Williams,HARD,75,8,47.4,22.1,82.004,Monaco,-0.05465186344238975,100.0
ALB,Williams,HARD,75,9,47.9,22.1,81.562,Monaco,-0.05465186344238975,100.0
ALB,Williams,HARD,75,10,47.3,22.3,81.514,Monaco,-0.05465186344238975,100.0
ALB,Williams,HARD,75,11,47.2,22.1,80.821,Monaco,-0.05465186344238975,100.0
ALB,Williams,HARD,75,12,47.1,22.0,81.42,Monaco,-0.05465186344238975,100.0
ALB,Williams,HARD,75,13,47.1,22.0,80.591,Monaco,-0.05465186344238975,100.0
ALB,Williams,HARD,75,14,46.0,22.0,80.591,Monaco,-0.05465186344238975,100.0
ALB,Williams,HARD,75,15,46.1,21.8,80.793,Monaco,-0.05465186344238975,100.0
ALB,Williams,HARD,75,16,47.2,21.7,81.137,Monaco,-0.05465186344238975,100.0
ALB,Williams,HARD,75,17,46.7,21.8,80.042,Monaco,-0.05465186344238975,100.0
ALB,Williams,HARD,75,18,46.6,21.9,80.245,Monaco,-0.05465186344238975,100.0
ALB,Williams,HARD,75,19,45.8,21.9,80.36,Monaco,-0.05465186344238975,100.0
ALB,Williams,HARD,75,20,45.9,21.8,80.937,Monaco,-0.05465186344238975,100.0
ALB,Williams,HARD,75,21,45.9,21.8,80.542,Monaco,-0.05465186344238975,100.0
ALB,Williams,HARD,75,22,46.3,21.8,80.143,Monaco,-0.05465186344238975,100.0
ALB,Williams,HARD,75,23,45.7,21.7,80.517,Monaco,-0.05465186344238975,100.0
ALB,Williams,HARD,75,24,45.7,21.7,80.323,Monaco,-0.05465186344238975,100.0
ALB,Williams,HARD,75,25,46.0,21.9,80.463,Monaco,-0.05465186344238975,100.0
ALB,Williams,HARD,75,26,46.0,21.9,80.509,Monaco,-0.05465186344238975,84.11020472940797
ALB,Williams,HARD,75,27,45.6,22.0,79.51,Monaco,-0.05465186344238975,100.0
ALB,Williams,HARD,75,28,46.4,22.0,80.271,Monaco,-0.05465186344238975,85.2684872974985
ALB,Williams,HARD,75,29,45.5,22.1,81.439,Monaco,-0.05465186344238975,62.279940912919876
ALB,Williams,HARD,75,30,45.5,22.0,80.941,Monaco,-0.05465186344238975,69.79937250497468
ALB,Williams,HARD,75,31,45.9,21.9,80.148,Monaco,-0.05465186344238975,75.93473312401893
ALB,Williams,HARD,75,32,45.9,22.0,79.491,Monaco,-0.05465186344238975,86.42141875981164
ALB,Williams,HARD,75,33,45.1,22.0,79.134,Monaco,-0.05465186344238975,91.38906985871273
ALB,Williams,HARD,75,34,44.4,21.8,78.816,Monaco,-0.05465186344238975,95.63924646781788
ALB,Williams,HARD,75,35,44.4,21.7,81.628,Monaco,-0.05465186344238975,42.30749607535324
ALB,Williams,HARD,75,36,44.5,21.8,80.775,Monaco,-0.05465186344238975,56.39995094191515
ALB,Williams,HARD,75,37,44.7,21.8,80.314,Monaco,-0.05465186344238975,63.28086734693893
ALB,Williams,HARD,75,38,44.4,21.9,80.389,Monaco,-0.05465186344238975,60.30110871271596
ALB,Williams,HARD,75,39,44.4,22.0,79.812,Monaco,-0.05465186344238975,69.3160518053376
ALB,Williams,HARD,75,40,44.7,21.9,79.329,Monaco,-0.05465186344238975,76.60169740973328
ALB,Williams,HARD,75,41,44.8,21.9,80.084,Monaco,-0.05465186344238975,61.1121271585557
ALB,Williams,HARD,75,42,44.8,21.9,79.496,Monaco,-0.05465186344238975,70.32943485086354
ALB,Williams,HARD,75,43,44.2,22.0,79.683,Monaco,-0.05465186344238975,65.28923665620084
ALB,Williams,HARD,75,44,44.5,21.9,81.748,Monaco,-0.05465186344238975,35.0
ALB,Williams,HARD,75,45,44.5,22.0,80.594,Monaco,-0.05465186344238975,45.32976844584001
ALB,Williams,HARD,75,46,43.8,22.0,80.462,Monaco,-0.05465186344238975,45.75863778001312
ALB,Williams,HARD,75,47,43.7,22.0,79.321,Monaco,-0.05465186344238975,65.15503103761313
ALB,Williams,HARD,75,48,43.7,21.9,79.378,Monaco,-0.05465186344238975,62.506131462080056
ALB,Williams,HARD,75,49,43.0,21.8,79.268,Monaco,-0.05465186344238975,62.93032362538942
ALB,Williams,HARD,75,50,43.2,21.8,78.863,Monaco,-0.05465186344238975,68.78303113575575
ALB,Williams,HARD,75,51,43.2,21.9,81.554,Monaco,-0.05465186344238975,35.0
ALB,Williams,HARD,75,52,42.8,21.9,80.7,Monaco,-0.05465186344238975,35.0
ALB,Williams,HARD,75,53,42.5,21.7,83.647,Monaco,-0.05465186344238975,35.0
ALB,Williams,HARD,75,54,42.2,21.6,79.085,Monaco,-0.05465186344238975,45.819348931589644
ALB,Williams,HARD,75,55,42.4,21.7,78.796,Monaco,-0.05465186344238975,49.583053909256094
ALB,Williams,HARD,75,56,42.2,21.8,78.271,Monaco,-0.05465186344238975,57.72680862647079
ALB,Williams,HARD,75,57,41.9,21.6,78.69,Monaco,-0.05465186344238975,48.350364385493876
ALB,Williams,HARD,75,58,42.3,21.6,78.201,Monaco,-0.05465186344238975,55.82597592209955
ALB,Williams,HARD,75,59,42.0,21.6,79.533,Monaco,-0.05465186344238975,35.0
ALB,Williams,HARD,75,60,42.0,21.8,80.222,Monaco,-0.05465186344238975,35.0
ALB,Williams,HARD,75,61,41.2,21.9,79.506,Monaco,-0.05465186344238975,35.0
ALB,Williams,HARD,75,62,42.0,21.9,83.085,Monaco,-0.05465186344238975,35.0
ALB,Williams,HARD,75,63,41.7,21.9,77.911,Monaco,-0.05465186344238975,49.08150041567904
ALB,Williams,HARD,75,64,41.6,22.0,77.261,Monaco,-0.05465186344238975,59.579625516496854
ALB,Williams,HARD,75,65,40.9,21.8,78.003,Monaco,-0.05465186344238975,44.169150401409475
ALB,Williams,HARD,75,66,41.1,21.7,77.874,Monaco,-0.05465186344238975,44.97016292141801
ALB,Williams,HARD,75,67,41.6,21.8,78.385,Monaco,-0.05465186344238975,35.0
ALB,Williams,HARD,75,68,41.1,21.7,79.921,Monaco,-0.05465186344238975,35.0
ALB,Williams,HARD,75,69,41.0,21.6,79.37,Monaco,-0.05465186344238975,35.0
ALB,Williams,HARD,75,70,40.5,21.6,78.957,Monaco,-0.05465186344238975,35.0
ALB,Williams,HARD,75,71,40.8,21.7,78.165,Monaco,-0.05465186344238975,35.0
ALB,Williams,HARD,75,72,40.8,21.7,78.432,Monaco,-0.05465186344238975,35.0
ALB,Williams,HARD,75,73,40.6,21.7,78.014,Monaco,-0.05465186344238975,35.0
ALB,Williams,HARD,75,74,40.9,21.8,77.85,Monaco,-0.05465186344238975,35.0
ALB,Williams,HARD,75,75,40.9,21.8,77.279,Monaco,-0.05465186344238975,41.64460051370496
ALB,Williams,HARD,75,76,40.2,21.8,77.06,Monaco,-0.05465186344238975,44.12073804767267
GAS,Alpine,MEDIUM,75,2,49.2,21.7,88.269,Monaco,-0.05979729729729728,95.0
GAS,Alpine,MEDIUM,75,3,48.8,21.7,83.269,Monaco,-0.05979729729729728,94.0
GAS,Alpine,MEDIUM,75,4,48.2,21.6,83.428,Monaco,-0.05979729729729728,89.13578882897612
GAS,Alpine,MEDIUM,75,5,48.7,21.8,83.106,Monaco,-0.05979729729729728,92.93626679796823
GAS,Alpine,MEDIUM,75,6,48.0,21.8,82.233,Monaco,-0.05979729729729728,100.0
GAS,Alpine,MEDIUM,75,7,47.9,22.0,81.6,Monaco,-0.05979729729729728,100.0
GAS,Alpine,MEDIUM,75,8,47.4,22.1,82.071,Monaco,-0.05979729729729728,100.0
GAS,Alpine,MEDIUM,75,9,47.9,22.1,81.394,Monaco,-0.05979729729729728,100.0
GAS,Alpine,MEDIUM,75,10,47.3,22.3,81.298,Monaco,-0.05979729729729728,100.0
GAS,Alpine,MEDIUM,75,11,47.2,22.1,81.289,Monaco,-0.05979729729729728,100.0
GAS,Alpine,MEDIUM,75,12,47.1,22.0,81.53,Monaco,-0.05979729729729728,100.0
GAS,Alpine,MEDIUM,75,13,47.1,22.0,79.92,Monaco,-0.05979729729729728,100.0
GAS,Alpine,MEDIUM,75,14,46.0,22.0,81.066,Monaco,-0.05979729729729728,100.0
GAS,Alpine,MEDIUM,75,15,46.1,21.8,81.054,Monaco,-0.05979729729729728,100.0
GAS,Alpine,MEDIUM,75,16,47.2,21.7,81.961,Monaco,-0.05979729729729728,91.56219001068837
GAS,Alpine,MEDIUM,75,17,46.7,21.8,80.797,Monaco,-0.05979729729729728,100.0
GAS,Alpine,MEDIUM,75,18,46.6,21.9,79.904,Monaco,-0.05979729729729728,100.0
GAS,Alpine,MEDIUM,75,19,45.8,21.9,80.255,Monaco,-0.05979729729729728,100.0
GAS,Alpine,MEDIUM,75,20,45.9,21.8,79.876,Monaco,-0.05979729729729728,100.0
GAS,Alpine,MEDIUM,75,21,45.9,21.8,80.554,Monaco,-0.05979729729729728,100.0
GAS,Alpine,MEDIUM,75,22,46.3,21.8,81.306,Monaco,-0.05979729729729728,88.488628979857
GAS,Alpine,MEDIUM,75,23,45.7,21.7,80.949,Monaco,-0.05979729729729728,92.93220706086197
GAS,Alpine,MEDIUM,75,24,45.7,21.7,80.372,Monaco,-0.05979729729729728,100.0
GAS,Alpine,MEDIUM,75,25,46.0,21.9,80.593,Monaco,-0.05979729729729728,95.35773590354471
GAS,Alpine,MEDIUM,75,26,46.0,21.9,80.521,Monaco,-0.05979729729729728,79.22833898799757
GAS,Alpine,MEDIUM,75,27,45.6,22.0,80.229,Monaco,-0.05979729729729728,82.55466783408129
GAS,Alpine,MEDIUM,75,28,46.4,22.0,79.376,Monaco,-0.05979729729729728,96.1141147714421
GAS,Alpine,MEDIUM,75,29,45.5,22.1,81.764,Monaco,-0.05979729729729728,50.55495968771676
GAS,Alpine,MEDIUM,75,30,45.6,21.9,81.427,Monaco,-0.05979729729729728,54.702126883367946
GAS,Alpine,MEDIUM,75,31,45.9,21.9,81.121,Monaco,-0.05979729729729728,46.80514705882351
GAS,Alpine,MEDIUM,75,32,45.9,22.0,80.965,Monaco,-0.05979729729729728,47.67279411764689
GAS,Alpine,MEDIUM,75,33,44.5,21.9,80.751,Monaco,-0.05979729729729728,49.60661764705863
GAS,Alpine,MEDIUM,75,34,44.4,21.8,79.361,Monaco,-0.05979729729729728,73.15808823529393
GAS,Alpine,MEDIUM,75,35,44.4,21.7,79.576,Monaco,-0.05979729729729728,67.20588235294119
GAS,Alpine,MEDIUM,75,36,44.8,21.8,79.975,Monaco,-0.05979729729729728,57.87132352941177
GAS,Alpine,MEDIUM,75,37,44.7,21.8,79.428,Monaco,-0.05979729729729728,65.92647058823525
GAS,Alpine,MEDIUM,75,38,44.4,21.9,80.32,Monaco,-0.05979729729729728,47.5294117647059
GAS,Alpine,MEDIUM,75,39,44.4,22.0,80.384,Monaco,-0.05979729729729728,44.35294117647047
GAS,Alpine,MEDIUM,75,40,44.7,21.9,80.2,Monaco,-0.05979729729729728,45.7352941176469
GAS,Alpine,MEDIUM,75,41,44.8,21.9,79.977,Monaco,-0.05979729729729728,44.11371845590587
GAS,Alpine,MEDIUM,75,42,44.5,22.0,81.048,Monaco,-0.05979729729729728,25.0
GAS,Alpine,MEDIUM,75,43,44.2,22.0,80.621,Monaco,-0.05979729729729728,28.245521782932585
GAS,Alpine,MEDIUM,75,44,44.5,21.9,79.382,Monaco,-0.05979729729729728,49.07890016463129
GAS,Alpine,MEDIUM,75,45,43.8,22.0,79.97,Monaco,-0.05979729729729728,36.24272059365566
GAS,Alpine,MEDIUM,75,46,43.8,22.0,79.435,Monaco,-0.05979729729729728,42.373539324460616
GAS,Alpine,MEDIUM,75,47,43.7,22.0,79.865,Monaco,-0.05979729729729728,32.439764815862745
GAS,Alpine,MEDIUM,75,48,43.7,21.9,80.534,Monaco,-0.05979729729729728,25.0
GAS,Alpine,MEDIUM,75,49,43.0,21.8,81.023,Monaco,-0.05979729729729728,25.0
GAS,Alpine,MEDIUM,75,50,43.2,21.8,84.473,Monaco,-0.05979729729729728,25.0
GAS,Alpine,MEDIUM,75,51,43.0,21.9,79.743,Monaco,-0.05979729729729728,26.52784509589256
GAS,Alpine,MEDIUM,75,52,42.8,21.9,79.917,Monaco,-0.05979729729729728,25.0
GAS,Alpine,MEDIUM,75,53,42.5,21.7,79.091,Monaco,-0.05979729729729728,34.55899322171524
GAS,Alpine,MEDIUM,75,54,42.2,21.6,79.407,Monaco,-0.05979729729729728,26.727945970549598
GAS,Alpine,MEDIUM,75,55,42.4,21.7,79.704,Monaco,-0.05979729729729728,25.0
GAS,Alpine,MEDIUM,75,56,42.2,21.8,79.448,Monaco,-0.05979729729729728,25.0
GAS,Alpine,MEDIUM,75,57,42.3,21.5,79.097,Monaco,-0.05979729729729728,26.44827713466779
GAS,Alpine,MEDIUM,75,58,42.3,21.6,81.378,Monaco,-0.05979729729729728,25.0
GAS,Alpine,MEDIUM,75,59,42.0,21.6,80.237,Monaco,-0.05979729729729728,25.0
GAS,Alpine,MEDIUM,75,60,42.0,22.0,80.407,Monaco,-0.05979729729729728,25.0
GAS,Alpine,MEDIUM,75,61,41.2,21.9,78.469,Monaco,-0.05979729729729728,25.0
GAS,Alpine,MEDIUM,75,62,42.0,21.9,79.155,Monaco,-0.05979729729729728,25.0
GAS,Alpine,MEDIUM,75,63,41.7,22.0,78.868,Monaco,-0.05979729729729728,25.0
GAS,Alpine,MEDIUM,75,64,41.6,22.0,79.22,Monaco,-0.05979729729729728,25.0
GAS,Alpine,MEDIUM,75,65,40.9,21.8,78.726,Monaco,-0.05979729729729728,25.0
GAS,Alpine,MEDIUM,75,66,41.1,21.7,78.624,Monaco,-0.05979729729729728,25.0
GAS,Alpine,MEDIUM,75,67,41.6,21.8,78.545,Monaco,-0.05979729729729728,25.0
GAS,Alpine,MEDIUM,75,68,41.1,21.7,78.363,Monaco,-0.05979729729729728,25.0
GAS,Alpine,MEDIUM,75,69,41.0,21.6,77.799,Monaco,-0.05979729729729728,25.0
GAS,Alpine,MEDIUM,75,70,40.5,21.6,78.14,Monaco,-0.05979729729729728,25.0
GAS,Alpine,MEDIUM,75,71,40.8,21.7,78.382,Monaco,-0.05979729729729728,25.0
GAS,Alpine,MEDIUM,75,72,40.8,21.7,77.992,Monaco,-0.05979729729729728,25.0
GAS,Alpine,MEDIUM,75,73,40.6,21.7,76.689,Monaco,-0.05979729729729728,25.0
GAS,Alpine,MEDIUM,75,74,40.9,21.8,78.12,Monaco,-0.05979729729729728,25.0
GAS,Alpine,MEDIUM,75,75,40.9,21.8,77.516,Monaco,-0.05979729729729728,25.0
GAS,Alpine,MEDIUM,75,76,40.2,21.8,75.625,Monaco,-0.05979729729729728,28.611861861861883
ALO,Aston Martin,MEDIUM,74,3,49.2,21.7,89.188,Monaco,-0.06022073306182902,95.0
ALO,Aston Martin,MEDIUM,74,4,48.8,21.7,83.736,Monaco,-0.06022073306182902,92.0
ALO,Aston Martin,MEDIUM,74,5,48.2,21.6,83.575,Monaco,-0.06022073306182902,90.0
ALO,Aston Martin,MEDIUM,74,6,48.7,21.8,82.711,Monaco,-0.06022073306182902,100.0
ALO,Aston Martin,MEDIUM,74,7,48.0,21.8,82.866,Monaco,-0.06022073306182902,98.72509721806766
ALO,Aston Martin,MEDIUM,74,8,47.9,22.0,82.284,Monaco,-0.06022073306182902,100.0
ALO,Aston Martin,MEDIUM,74,9,47.4,22.1,81.65,Monaco,-0.06022073306182902,100.0
ALO,Aston Martin,MEDIUM,74,10,47.9,22.1,81.864,Monaco,-0.06022073306182902,100.0
ALO,Aston Martin,MEDIUM,74,11,47.3,22.3,81.418,Monaco,-0.06022073306182902,100.0
ALO,Aston Martin,MEDIUM,74,12,47.2,22.1,81.366,Monaco,-0.06022073306182902,100.0
ALO,Aston Martin,MEDIUM,74,13,47.1,22.0,81.428,Monaco,-0.06022073306182902,100.0
ALO,Aston Martin,MEDIUM,74,14,47.1,22.0,81.392,Monaco,-0.06022073306182902,100.0
ALO,Aston Martin,MEDIUM,74,15,46.0,22.0,81.061,Monaco,-0.06022073306182902,100.0
ALO,Aston Martin,MEDIUM,74,16,46.1,21.8,81.318,Monaco,-0.06022073306182902,100.0
ALO,Aston Martin,MEDIUM,74,17,47.2,21.7,80.799,Monaco,-0.06022073306182902,100.0
ALO,Aston Martin,MEDIUM,74,18,46.7,21.8,81.075,Monaco,-0.06022073306182902,100.0
ALO,Aston Martin,MEDIUM,74,19,46.6,21.9,80.605,Monaco,-0.06022073306182902,100.0
ALO,Aston Martin,MEDIUM,74,20,45.8,21.9,81.11,Monaco,-0.06022073306182902,100.0
ALO,Aston Martin,MEDIUM,74,21,45.9,21.8,80.317,Monaco,-0.06022073306182902,100.0
ALO,Aston Martin,MEDIUM,74,22,45.9,21.8,81.037,Monaco,-0.06022073306182902,86.35871891284096
ALO,Aston Martin,MEDIUM,74,23,46.3,21.8,80.246,Monaco,-0.06022073306182902,98.70384833939869
ALO,Aston Martin,MEDIUM,74,24,45.7,21.7,81.413,Monaco,-0.06022073306182902,75.53979519048255
ALO,Aston Martin,MEDIUM,74,25,46.0,21.8,81.091,Monaco,-0.06022073306182902,79.37940539952372
ALO,Aston Martin,MEDIUM,74,26,46.0,21.9,80.858,Monaco,-0.06022073306182902,81.60496185513404
ALO,Aston Martin,MEDIUM,74,27,46.0,21.9,81.303,Monaco,-0.06022073306182902,71.53469308798105
ALO,Aston Martin,MEDIUM,74,28,45.9,22.0,81.544,Monaco,-0.06022073306182902,65.16405314891614
ALO,Aston Martin,MEDIUM,74,29,46.4,22.0,81.205,Monaco,-0.06022073306182902,69.31196576029791
ALO,Aston Martin,MEDIUM,74,30,45.5,22.1,81.034,Monaco,-0.06022073306182902,70.41312521913638
ALO,Aston Martin,MEDIUM,74,31,45.6,21.9,80.642,Monaco,-0.06022073306182902,75.52221590840401
ALO,Aston Martin,MEDIUM,74,32,45.9,21.9,81.01,Monaco,-0.06022073306182902,59.22444217587868
ALO,Aston Martin,MEDIUM,74,33,45.9,22.0,80.35,Monaco,-0.06022073306182902,69.25594283214254
ALO,Aston Martin,MEDIUM,74,34,44.5,21.9,80.877,Monaco,-0.06022073306182902,57.64897185358047
ALO,Aston Martin,MEDIUM,74,35,44.4,21.8,80.432,Monaco,-0.06022073306182902,63.76112002333389
ALO,Aston Martin,MEDIUM,74,36,44.4,21.7,81.128,Monaco,-0.06022073306182902,49.07335569491042
ALO,Aston Martin,MEDIUM,74,37,44.8,21.8,81.512,Monaco,-0.06022073306182902,28.535211267605717
ALO,Aston Martin,MEDIUM,74,38,44.7,21.8,81.082,Monaco,-0.06022073306182902,34.43478260869587
ALO,Aston Martin,MEDIUM,74,39,44.4,21.9,81.265,Monaco,-0.06022073306182902,29.07287201469697
ALO,Aston Martin,MEDIUM,74,40,44.4,22.0,80.755,Monaco,-0.06022073306182902,36.44213104715267
ALO,Aston Martin,MEDIUM,74,41,44.7,21.9,83.446,Monaco,-0.06022073306182902,25.0
ALO,Aston Martin,MEDIUM,74,42,44.8,21.9,83.332,Monaco,-0.06022073306182902,25.0
ALO,Aston Martin,MEDIUM,74,43,44.5,22.0,80.286,Monaco,-0.06022073306182902,39.058175137783294
ALO,Aston Martin,MEDIUM,74,44,44.2,22.0,78.852,Monaco,-0.06022073306182902,63.40232700551135
ALO,Aston Martin,MEDIUM,74,45,44.5,22.0,79.956,Monaco,-0.06022073306182902,41.120636864666295
ALO,Aston Martin,MEDIUM,74,46,43.8,22.0,78.928,Monaco,-0.06022073306182902,58.00612369871418
ALO,Aston Martin,MEDIUM,74,47,43.8,22.0,79.109,Monaco,-0.06022073306182902,48.539733228524604
ALO,Aston Martin,MEDIUM,74,48,43.7,21.9,80.315,Monaco,-0.06022073306182902,25.0
ALO,Aston Martin,MEDIUM,74,49,43.7,21.9,79.837,Monaco,-0.06022073306182902,31.12746567098189
ALO,Aston Martin,MEDIUM,74,50,43.0,21.8,79.334,Monaco,-0.06022073306182902,38.394458227910334
ALO,Aston Martin,MEDIUM,74,51,43.2,21.9,80.636,Monaco,-0.06022073306182902,25.0
ALO,Aston Martin,MEDIUM,74,52,43.0,21.9,83.377,Monaco,-0.06022073306182902,25.0
ALO,Aston Martin,MEDIUM,74,53,42.8,21.9,79.992,Monaco,-0.06022073306182902,25.0
ALO,Aston Martin,MEDIUM,74,54,42.4,21.7,79.191,Monaco,-0.06022073306182902,32.096600545682406
ALO,Aston Martin,MEDIUM,74,55,42.2,21.6,79.411,Monaco,-0.06022073306182902,26.04085244450995
ALO,Aston Martin,MEDIUM,74,56,42.4,21.7,80.739,Monaco,-0.06022073306182902,25.0
ALO,Aston Martin,MEDIUM,74,57,41.9,21.6,80.6,Monaco,-0.06022073306182902,25.0
ALO,Aston Martin,MEDIUM,74,58,42.3,21.5,79.229,Monaco,-0.06022073306182902,25.0
ALO,Aston Martin,MEDIUM,74,59,42.3,21.6,79.219,Monaco,-0.06022073306182902,25.0
ALO,Aston Martin,MEDIUM,74,60,42.0,21.8,79.166,Monaco,-0.06022073306182902,25.0
ALO,Aston Martin,MEDIUM,74,61,42.0,22.0,78.752,Monaco,-0.06022073306182902,26.189661529385802
ALO,Aston Martin,MEDIUM,74,62,41.2,21.9,78.816,Monaco,-0.06022073306182902,25.0
ALO,Aston Martin,MEDIUM,74,63,42.0,21.9,78.556,Monaco,-0.06022073306182902,25.802964383157615
ALO,Aston Martin,MEDIUM,74,64,41.7,22.0,78.736,Monaco,-0.06022073306182902,25.0
ALO,Aston Martin,MEDIUM,74,65,41.6,22.0,78.633,Monaco,-0.06022073306182902,25.0
ALO,Aston Martin,MEDIUM,74,66,40.9,21.8,78.637,Monaco,-0.06022073306182902,25.0
ALO,Aston Martin,MEDIUM,74,67,41.6,21.8,78.126,Monaco,-0.06022073306182902,25.0
ALO,Aston Martin,MEDIUM,74,68,41.6,21.8,77.939,Monaco,-0.06022073306182902,25.0
ALO,Aston Martin,MEDIUM,74,69,41.1,21.7,78.713,Monaco,-0.06022073306182902,25.0
ALO,Aston Martin,MEDIUM,74,70,40.5,21.6,78.473,Monaco,-0.06022073306182902,25.0
ALO,Aston Martin,MEDIUM,74,71,40.5,21.6,78.133,Monaco,-0.06022073306182902,25.0
ALO,Aston Martin,MEDIUM,74,72,40.8,21.7,78.081,Monaco,-0.06022073306182902,25.0
ALO,Aston Martin,MEDIUM,74,73,40.6,21.7,78.504,Monaco,-0.06022073306182902,25.0
ALO,Aston Martin,MEDIUM,74,74,40.6,21.7,80.336,Monaco,-0.06022073306182902,25.0
ALO,Aston Martin,MEDIUM,74,75,40.9,21.8,78.663,Monaco,-0.06022073306182902,25.0
ALO,Aston Martin,MEDIUM,74,76,40.2,21.8,79.053,Monaco,-0.06022073306182902,25.0
RIC,RB,HARD,74,3,49.2,21.7,89.656,Monaco,-0.0612696482784154,95.0
RIC,RB,HARD,74,4,48.8,21.7,83.524,Monaco,-0.0612696482784154,93.6
RIC,RB,HARD,74,5,48.2,21.6,83.744,Monaco,-0.0612696482784154,88.04903979694461
RIC,RB,HARD,74,6,48.7,21.8,82.748,Monaco,-0.0612696482784154,100.0
RIC,RB,HARD,74,7,48.0,21.8,82.747,Monaco,-0.0612696482784154,100.0
RIC,RB,HARD,74,8,47.9,22.0,82.433,Monaco,-0.0612696482784154,100.0
RIC,RB,HARD,74,9,47.4,22.1,81.528,Monaco,-0.0612696482784154,100.0
RIC,RB,HARD,74,10,47.9,22.1,81.976,Monaco,-0.0612696482784154,100.0
RIC,RB,HARD,74,11,47.3,22.3,81.53,Monaco,-0.0612696482784154,100.0
RIC,RB,HARD,74,12,47.2,22.1,81.277,Monaco,-0.0612696482784154,100.0
RIC,RB,HARD,74,13,47.1,22.0,81.416,Monaco,-0.0612696482784154,100.0
RIC,RB,HARD,74,14,47.1,22.0,81.391,Monaco,-0.0612696482784154,100.0
RIC,RB,HARD,74,15,46.0,22.0,81.177,Monaco,-0.0612696482784154,100.0
RIC,RB,HARD,74,16,46.1,21.8,81.125,Monaco,-0.0612696482784154,100.0
RIC,RB,HARD,74,17,47.2,21.7,80.862,Monaco,-0.0612696482784154,100.0
RIC,RB,HARD,74,18,46.7,21.8,81.108,Monaco,-0.0612696482784154,100.0
RIC,RB,HARD,74,19,46.6,21.9,81.31,Monaco,-0.0612696482784154,100.0
RIC,RB,HARD,74,20,45.8,21.9,80.942,Monaco,-0.0612696482784154,100.0
RIC,RB,HARD,74,21,45.9,21.8,80.817,Monaco,-0.0612696482784154,100.0
RIC,RB,HARD,74,22,46.1,21.7,80.849,Monaco,-0.0612696482784154,99.22379272006576
RIC,RB,HARD,74,23,46.3,21.8,80.662,Monaco,-0.0612696482784154,100.0
RIC,RB,HARD,74,24,45.7,21.7,80.348,Monaco,-0.0612696482784154,100.0
RIC,RB,HARD,74,25,46.0,21.8,81.029,Monaco,-0.0612696482784154,91.16087397882742
RIC,RB,HARD,74,26,46.0,21.9,80.691,Monaco,-0.0612696482784154,95.68791028181954
RIC,RB,HARD,74,27,46.0,21.9,81.365,Monaco,-0.0612696482784154,81.85226775593082
RIC,RB,HARD,74,28,45.9,22.0,81.566,Monaco,-0.0612696482784154,76.60863112862093
RIC,RB,HARD,74,29,46.4,22.0,81.265,Monaco,-0.0612696482784154,80.46502229688085
RIC,RB,HARD,74,30,45.5,22.1,80.9,Monaco,-0.0612696482784154,85.4815763713487
RIC,RB,HARD,74,31,45.6,21.9,80.703,Monaco,-0.0612696482784154,87.45270281702051
RIC,RB,HARD,74,32,45.9,21.9,80.94,Monaco,-0.0612696482784154,75.96751786299193
RIC,RB,HARD,74,33,45.9,22.0,80.395,Monaco,-0.0612696482784154,84.28466269576525
RIC,RB,HARD,74,34,44.5,21.9,80.84,Monaco,-0.0612696482784154,74.58717746533554
RIC,RB,HARD,74,35,44.4,21.8,80.54,Monaco,-0.0612696482784154,78.44615627236666
RIC,RB,HARD,74,36,44.4,21.7,81.126,Monaco,-0.0612696482784154,66.18295100263248
RIC,RB,HARD,74,37,44.8,21.8,81.358,Monaco,-0.0612696482784154,43.927759788048306
RIC,RB,HARD,74,38,44.7,21.8,81.099,Monaco,-0.0612696482784154,47.0929938180748
RIC,RB,HARD,74,39,44.4,21.9,81.255,Monaco,-0.0612696482784154,42.62281424786595
RIC,RB,HARD,74,40,44.4,22.0,80.87,Monaco,-0.0612696482784154,48.10627023844571
RIC,RB,HARD,74,41,44.7,21.9,85.218,Monaco,-0.0612696482784154,35.0
RIC,RB,HARD,74,42,44.8,21.9,81.527,Monaco,-0.0612696482784154,35.0
RIC,RB,HARD,74,43,44.5,22.0,81.053,Monaco,-0.0612696482784154,39.939328819546816
RIC,RB,HARD,74,44,44.2,22.0,78.003,Monaco,-0.0612696482784154,94.45501913453057
RIC,RB,HARD,74,45,44.5,22.0,81.761,Monaco,-0.0612696482784154,35.0
RIC,RB,HARD,74,46,43.8,22.0,77.172,Monaco,-0.0612696482784154,100.0
RIC,RB,HARD,74,47,43.8,22.0,81.071,Monaco,-0.0612696482784154,35.0
RIC,RB,HARD,74,48,43.7,21.9,78.282,Monaco,-0.0612696482784154,82.92181336473377
RIC,RB,HARD,74,49,43.7,21.9,79.837,Monaco,-0.0612696482784154,52.71201059758614
RIC,RB,HARD,74,50,43.0,21.8,79.796,Monaco,-0.0612696482784154,51.86635266411538
RIC,RB,HARD,74,51,43.2,21.9,82.683,Monaco,-0.0612696482784154,35.0
RIC,RB,HARD,74,52,43.0,21.9,80.696,Monaco,-0.0612696482784154,35.0
RIC,RB,HARD,74,53,42.8,21.9,80.079,Monaco,-0.0612696482784154,37.30957589477972
RIC,RB,HARD,74,54,42.4,21.7,79.176,Monaco,-0.0612696482784154,52.37480714101159
RIC,RB,HARD,74,55,42.2,21.6,79.457,Monaco,-0.0612696482784154,45.58883817070033
RIC,RB,HARD,74,56,42.4,21.7,82.007,Monaco,-0.0612696482784154,35.0
RIC,RB,HARD,74,57,41.9,21.6,79.672,Monaco,-0.0612696482784154,38.42092596921646
RIC,RB,HARD,74,58,42.3,21.5,79.119,Monaco,-0.0612696482784154,47.02676525954455
RIC,RB,HARD,74,59,42.3,21.6,78.936,Monaco,-0.0612696482784154,48.804104482202725
RIC,RB,HARD,74,60,42.0,21.8,79.23,Monaco,-0.0612696482784154,41.778215239243515
RIC,RB,HARD,74,61,42.0,22.0,78.771,Monaco,-0.0612696482784154,48.649246404271814
RIC,RB,HARD,74,62,41.2,21.9,78.977,Monaco,-0.0612696482784154,43.24743285308262
RIC,RB,HARD,74,63,42.0,21.9,78.805,Monaco,-0.0612696482784154,44.821762614269616
RIC,RB,HARD,74,64,41.7,22.0,78.637,Monaco,-0.0612696482784154,46.322270753103595
RIC,RB,HARD,74,65,41.6,22.0,78.73,Monaco,-0.0612696482784154,43.00591803339193
RIC,RB,HARD,74,66,40.9,21.8,78.248,Monaco,-0.0612696482784154,50.30142352695098
RIC,RB,HARD,74,67,41.6,21.8,78.219,Monaco,-0.0612696482784154,47.45833918474468
RIC,RB,HARD,74,68,41.6,21.8,78.116,Monaco,-0.0612696482784154,47.76158764181986
RIC,RB,HARD,74,69,41.1,21.7,78.386,Monaco,-0.0612696482784154,41.1724897446323
RIC,RB,HARD,74,70,40.5,21.6,78.706,Monaco,-0.0612696482784154,35.0
RIC,RB,HARD,74,71,40.5,21.6,78.108,Monaco,-0.0612696482784154,43.10941276469941
RIC,RB,HARD,74,72,40.8,21.7,78.068,Monaco,-0.0612696482784154,41.323882896764296
RIC,RB,HARD,74,73,40.6,21.7,78.512,Monaco,-0.0612696482784154,35.0
RIC,RB,HARD,74,74,40.6,21.7,80.358,Monaco,-0.0612696482784154,35.0
RIC,RB,HARD,74,75,40.9,21.8,78.645,Monaco,-0.0612696482784154,35.0
RIC,RB,HARD,74,76,40.2,21.8,78.93,Monaco,-0.0612696482784154,35.0
BOT,Kick Sauber,MEDIUM,12,2,49.2,21.7,89.743,Monaco,-0.4765944055944046,95.0
BOT,Kick Sauber,MEDIUM,12,3,48.8,21.7,83.386,Monaco,-0.4765944055944046,94.0
BOT,Kick Sauber,MEDIUM,12,4,48.2,21.6,83.636,Monaco,-0.4765944055944046,87.50284220372724
BOT,Kick Sauber,MEDIUM,12,5,48.7,21.8,82.868,Monaco,-0.4765944055944046,99.31811095387717
BOT,Kick Sauber,MEDIUM,12,6,48.0,21.8,82.832,Monaco,-0.4765944055944046,97.96570167654046
BOT,Kick Sauber,MEDIUM,12,7,47.9,22.0,82.249,Monaco,-0.4765944055944046,100.0
BOT,Kick Sauber,MEDIUM,12,8,47.4,22.1,81.715,Monaco,-0.4765944055944046,100.0
BOT,Kick Sauber,MEDIUM,12,9,47.9,22.1,81.947,Monaco,-0.4765944055944046,100.0
BOT,Kick Sauber,MEDIUM,12,10,47.3,22.3,81.547,Monaco,-0.4765944055944046,100.0
BOT,Kick Sauber,MEDIUM,12,11,47.2,22.1,81.328,Monaco,-0.4765944055944046,100.0
BOT,Kick Sauber,MEDIUM,12,12,47.1,22.0,81.54,Monaco,-0.4765944055944046,100.0
BOT,Kick Sauber,MEDIUM,12,13,47.1,22.0,81.221,Monaco,-0.4765944055944046,100.0
BOT,Kick Sauber,HARD,60,3,47.2,21.7,76.561,Monaco,-0.033382022784106694,95.0
BOT,Kick Sauber,HARD,60,4,46.7,21.8,76.567,Monaco,-0.033382022784106694,93.48244667650658
BOT,Kick Sauber,HARD,60,5,45.8,21.9,77.829,Monaco,-0.033382022784106694,67.15706430166821
BOT,Kick Sauber,HARD,60,6,45.8,21.9,79.124,Monaco,-0.033382022784106694,40.18513864761455
BOT,Kick Sauber,HARD,60,7,45.9,21.8,80.462,Monaco,-0.033382022784106694,35.0
BOT,Kick Sauber,HARD,60,8,46.1,21.7,81.022,Monaco,-0.033382022784106694,35.0
BOT,Kick Sauber,HARD,60,9,46.3,21.8,80.75,Monaco,-0.033382022784106694,35.0
BOT,Kick Sauber,HARD,60,10,45.7,21.7,80.564,Monaco,-0.033382022784106694,35.0
BOT,Kick Sauber,HARD,60,11,46.0,21.8,80.783,Monaco,-0.033382022784106694,35.0
BOT,Kick Sauber,HARD,60,12,46.0,21.9,80.851,Monaco,-0.033382022784106694,35.0
BOT,Kick Sauber,HARD,60,13,46.0,21.9,81.37,Monaco,-0.033382022784106694,35.0
BOT,Kick Sauber,HARD,60,14,45.9,22.0,81.765,Monaco,-0.033382022784106694,35.0
BOT,Kick Sauber,HARD,60,15,46.4,22.0,80.857,Monaco,-0.033382022784106694,35.0
BOT,Kick Sauber,HARD,60,16,45.5,22.1,81.47,Monaco,-0.033382022784106694,35.0
BOT,Kick Sauber,HARD,60,17,45.6,21.9,80.752,Monaco,-0.033382022784106694,35.0
BOT,Kick Sauber,HARD,60,18,45.9,21.9,80.658,Monaco,-0.033382022784106694,35.0
BOT,Kick Sauber,HARD,60,19,45.9,22.0,80.525,Monaco,-0.033382022784106694,35.0
BOT,Kick Sauber,HARD,60,20,44.5,21.9,80.903,Monaco,-0.033382022784106694,35.0
BOT,Kick Sauber,HARD,60,21,44.4,21.8,80.254,Monaco,-0.033382022784106694,35.0
BOT,Kick Sauber,HARD,60,22,44.4,21.7,81.196,Monaco,-0.033382022784106694,35.0
BOT,Kick Sauber,HARD,60,23,44.8,21.8,81.386,Monaco,-0.033382022784106694,35.0
BOT,Kick Sauber,HARD,60,24,44.7,21.8,80.948,Monaco,-0.033382022784106694,35.0
BOT,Kick Sauber,HARD,60,25,44.4,22.0,83.172,Monaco,-0.033382022784106694,35.0
BOT,Kick Sauber,HARD,60,26,44.4,22.0,83.591,Monaco,-0.033382022784106694,35.0
BOT,Kick Sauber,HARD,60,27,44.7,21.9,80.23,Monaco,-0.033382022784106694,35.0
BOT,Kick Sauber,HARD,60,28,44.8,21.9,82.109,Monaco,-0.033382022784106694,35.0
BOT,Kick Sauber,HARD,60,29,44.5,22.0,80.912,Monaco,-0.033382022784106694,35.0
BOT,Kick Sauber,HARD,60,30,44.2,22.0,79.772,Monaco,-0.033382022784106694,35.0
BOT,Kick Sauber,HARD,60,31,44.5,22.0,80.043,Monaco,-0.033382022784106694,35.0
BOT,Kick Sauber,HARD,60,32,43.8,22.0,80.417,Monaco,-0.033382022784106694,35.0
BOT,Kick Sauber,HARD,60,33,43.8,22.0,82.969,Monaco,-0.033382022784106694,35.0
BOT,Kick Sauber,HARD,60,34,43.7,21.9,80.562,Monaco,-0.033382022784106694,35.0
BOT,Kick Sauber,HARD,60,35,43.7,21.9,80.818,Monaco,-0.033382022784106694,35.0
BOT,Kick Sauber,HARD,60,36,43.0,21.8,80.239,Monaco,-0.033382022784106694,35.0
BOT,Kick Sauber,HARD,60,37,43.2,21.9,77.205,Monaco,-0.033382022784106694,35.0
BOT,Kick Sauber,HARD,60,38,43.0,21.9,77.202,Monaco,-0.033382022784106694,35.0
BOT,Kick Sauber,HARD,60,39,42.8,21.9,78.456,Monaco,-0.033382022784106694,35.0
BOT,Kick Sauber,HARD,60,40,42.4,21.7,79.403,Monaco,-0.033382022784106694,35.0
BOT,Kick Sauber,HARD,60,41,42.2,21.6,80.375,Monaco,-0.033382022784106694,35.0
BOT,Kick Sauber,HARD,60,42,42.4,21.7,81.657,Monaco,-0.033382022784106694,35.0
BOT,Kick Sauber,HARD,60,43,41.9,21.6,78.994,Monaco,-0.033382022784106694,35.0
BOT,Kick Sauber,HARD,60,44,42.3,21.5,79.28,Monaco,-0.033382022784106694,35.0
BOT,Kick Sauber,HARD,60,45,42.3,21.6,78.999,Monaco,-0.033382022784106694,35.0
BOT,Kick Sauber,HARD,60,46,42.0,21.8,79.069,Monaco,-0.033382022784106694,35.0
BOT,Kick Sauber,HARD,60,47,42.0,22.0,78.623,Monaco,-0.033382022784106694,35.0
BOT,Kick Sauber,HARD,60,48,41.2,21.9,78.964,Monaco,-0.033382022784106694,35.0
BOT,Kick Sauber,HARD,60,49,42.0,21.9,79.024,Monaco,-0.033382022784106694,35.0
BOT,Kick Sauber,HARD,60,50,41.7,22.0,78.531,Monaco,-0.033382022784106694,35.0
BOT,Kick Sauber,HARD,60,51,41.6,22.0,78.642,Monaco,-0.033382022784106694,35.0
BOT,Kick Sauber,HARD,60,52,40.9,21.8,78.383,Monaco,-0.033382022784106694,35.0
BOT,Kick Sauber,HARD,60,53,41.6,21.8,78.467,Monaco,-0.033382022784106694,35.0
BOT,Kick Sauber,HARD,60,54,41.6,21.8,78.052,Monaco,-0.033382022784106694,35.0
BOT,Kick Sauber,HARD,60,55,41.1,21.7,78.088,Monaco,-0.033382022784106694,35.0
BOT,Kick Sauber,HARD,60,56,40.5,21.6,78.778,Monaco,-0.033382022784106694,35.0
BOT,Kick Sauber,HARD,60,57,40.5,21.6,78.104,Monaco,-0.033382022784106694,35.0
BOT,Kick Sauber,HARD,60,58,40.8,21.7,78.347,Monaco,-0.033382022784106694,35.0
BOT,Kick Sauber,HARD,60,59,40.6,21.7,80.068,Monaco,-0.033382022784106694,35.0
BOT,Kick Sauber,HARD,60,60,40.6,21.7,78.318,Monaco,-0.033382022784106694,35.0
BOT,Kick Sauber,HARD,60,61,40.9,21.8,78.779,Monaco,-0.033382022784106694,35.0
BOT,Kick Sauber,HARD,60,62,40.2,21.8,78.774,Monaco,-0.033382022784106694,35.0
STR,Aston Martin,MEDIUM,39,3,49.2,21.7,88.303,Monaco,-0.0952208502024291,95.0
STR,Aston Martin,MEDIUM,39,4,48.8,21.7,83.354,Monaco,-0.0952208502024291,92.0
STR,Aston Martin,MEDIUM,39,5,48.2,21.6,83.731,Monaco,-0.0952208502024291,83.21568251073742
STR,Aston Martin,MEDIUM,39,6,48.7,21.8,82.977,Monaco,-0.0952208502024291,94.78431748926258
STR,Aston Martin,MEDIUM,39,7,48.0,21.8,82.634,Monaco,-0.0952208502024291,98.95678671689419
STR,Aston Martin,MEDIUM,39,8,47.9,22.0,81.653,Monaco,-0.0952208502024291,100.0
STR,Aston Martin,MEDIUM,39,9,47.4,22.1,82.09,Monaco,-0.0952208502024291,100.0
STR,Aston Martin,MEDIUM,39,10,47.9,22.1,81.725,Monaco,-0.0952208502024291,100.0
STR,Aston Martin,MEDIUM,39,11,47.3,22.3,81.517,Monaco,-0.0952208502024291,100.0
STR,Aston Martin,MEDIUM,39,12,47.2,22.1,81.471,Monaco,-0.0952208502024291,100.0
STR,Aston Martin,MEDIUM,39,13,47.1,22.0,81.314,Monaco,-0.0952208502024291,100.0
STR,Aston Martin,MEDIUM,39,14,47.1,22.0,80.427,Monaco,-0.0952208502024291,100.0
STR,Aston Martin,MEDIUM,39,15,46.0,22.0,80.781,Monaco,-0.0952208502024291,100.0
STR,Aston Martin,MEDIUM,39,16,46.1,21.8,81.189,Monaco,-0.0952208502024291,100.0
STR,Aston Martin,MEDIUM,39,17,47.2,21.7,81.97,Monaco,-0.0952208502024291,90.90582335580777
STR,Aston Martin,MEDIUM,39,18,46.7,21.8,80.698,Monaco,-0.0952208502024291,100.0
STR,Aston Martin,MEDIUM,39,19,46.6,21.9,80.353,Monaco,-0.0952208502024291,100.0
STR,Aston Martin,MEDIUM,39,20,45.8,21.9,79.398,Monaco,-0.0952208502024291,100.0
STR,Aston Martin,MEDIUM,39,21,45.9,21.8,79.016,Monaco,-0.0952208502024291,100.0
STR,Aston Martin,MEDIUM,39,22,45.9,21.8,81.307,Monaco,-0.0952208502024291,86.18908854260822
STR,Aston Martin,MEDIUM,39,23,46.3,21.8,81.188,Monaco,-0.0952208502024291,86.34028706750067
STR,Aston Martin,MEDIUM,39,24,45.7,21.7,81.621,Monaco,-0.0952208502024291,76.51281680465686
STR,Aston Martin,MEDIUM,39,25,45.7,21.7,80.506,Monaco,-0.0952208502024291,94.66900466394308
STR,Aston Martin,MEDIUM,39,26,46.0,21.9,80.589,Monaco,-0.0952208502024291,91.16858888607696
STR,Aston Martin,MEDIUM,39,27,46.0,21.9,80.307,Monaco,-0.0952208502024291,88.24048212600137
STR,Aston Martin,MEDIUM,39,28,45.6,22.0,80.131,Monaco,-0.0952208502024291,89.43529297867705
STR,Aston Martin,MEDIUM,39,29,46.4,22.0,79.464,Monaco,-0.0952208502024291,99.54290001694221
STR,Aston Martin,MEDIUM,39,30,45.5,22.1,81.422,Monaco,-0.0952208502024291,62.00062928092559
STR,Aston Martin,MEDIUM,39,31,45.6,21.9,82.535,Monaco,-0.0952208502024291,39.797081104630124
STR,Aston Martin,MEDIUM,39,32,45.9,21.9,81.252,Monaco,-0.0952208502024291,43.366538890181815
STR,Aston Martin,MEDIUM,39,33,45.9,22.0,80.536,Monaco,-0.0952208502024291,54.51976044970799
STR,Aston Martin,MEDIUM,39,34,44.5,21.9,79.789,Monaco,-0.0952208502024291,66.24246506558248
STR,Aston Martin,MEDIUM,39,35,44.4,21.8,79.497,Monaco,-0.0952208502024291,69.60662804795915
STR,Aston Martin,MEDIUM,39,36,44.4,21.7,79.297,Monaco,-0.0952208502024291,71.28071228246375
STR,Aston Martin,MEDIUM,39,37,44.8,21.8,79.638,Monaco,-0.0952208502024291,63.016398662633335
STR,Aston Martin,MEDIUM,39,38,44.7,21.8,79.706,Monaco,-0.0952208502024291,59.767210022901835
STR,Aston Martin,MEDIUM,39,39,44.4,21.9,79.867,Monaco,-0.0952208502024291,54.809572214125645
STR,Aston Martin,MEDIUM,39,40,44.4,22.0,80.45,Monaco,-0.0952208502024291,42.09961667054492
STR,Aston Martin,MEDIUM,39,41,44.7,21.9,80.2,Monaco,-0.0952208502024291,44.69222196367561
STR,Aston Martin,HARD,4,4,44.2,22.0,78.551,Monaco,-0.19770000000000038,95.0
STR,Aston Martin,HARD,4,5,44.5,21.9,78.806,Monaco,-0.19770000000000038,87.13055212537087
STR,Aston Martin,HARD,4,6,43.8,22.0,78.296,Monaco,-0.19770000000000038,90.4
STR,Aston Martin,HARD,4,7,43.8,22.0,78.062,Monaco,-0.19770000000000038,93.28298763666105
STR,Aston Martin,SOFT,27,2,43.2,21.8,77.788,Monaco,0.0,95.0
STR,Aston Martin,SOFT,27,3,43.2,21.9,76.982,Monaco,0.0,92.65
STR,Aston Martin,SOFT,27,4,43.0,21.9,77.35,Monaco,0.0,83.02949260866185
STR,Aston Martin,SOFT,27,5,42.8,21.9,81.547,Monaco,0.0,15.0
STR,Aston Martin,SOFT,27,6,42.4,21.7,80.571,Monaco,0.0,15.368067860019238
STR,Aston Martin,SOFT,27,7,42.2,21.6,79.963,Monaco,0.0,24.76499311527381
STR,Aston Martin,SOFT,27,8,42.4,21.7,77.279,Monaco,0.0,74.61293289340371
STR,Aston Martin,SOFT,27,9,41.9,21.6,76.914,Monaco,0.0,79.27498506144289
STR,Aston Martin,SOFT,27,10,42.3,21.5,77.156,Monaco,0.0,72.10959704866059
STR,Aston Martin,SOFT,27,11,42.3,21.6,76.71,Monaco,0.0,78.34994024577185
STR,Aston Martin,SOFT,27,12,42.0,21.8,77.326,Monaco,0.0,63.897134395053506
STR,Aston Martin,SOFT,27,13,42.0,22.0,78.298,Monaco,0.0,43.00764204619257
STR,Aston Martin,SOFT,27,14,41.2,21.9,79.07,Monaco,0.0,26.015164583928836
STR,Aston Martin,SOFT,27,15,41.7,21.9,79.1,Monaco,0.0,23.480612350939282
STR,Aston Martin,SOFT,27,16,41.7,22.0,78.425,Monaco,0.0,34.68303759320365
STR,Aston Martin,SOFT,27,17,41.6,22.0,78.732,Monaco,0.0,26.75111974227741
STR,Aston Martin,SOFT,27,18,40.9,21.8,78.748,Monaco,0.0,24.489358551349568
STR,Aston Martin,SOFT,27,19,41.6,21.8,78.636,Monaco,0.0,24.721686887843987
STR,Aston Martin,SOFT,27,20,41.6,21.8,78.057,Monaco,0.0,34.05354498454179
STR,Aston Martin,SOFT,27,21,41.1,21.7,78.275,Monaco,0.0,27.855798758151124
STR,Aston Martin,SOFT,27,22,40.5,21.6,78.557,Monaco,0.0,20.411007768049615
STR,Aston Martin,SOFT,27,23,40.5,21.6,78.464,Monaco,0.0,20.27311969031723
STR,Aston Martin,SOFT,27,24,40.8,21.7,78.332,Monaco,0.0,20.89514951547126
STR,Aston Martin,SOFT,27,25,40.6,21.7,80.709,Monaco,0.0,15.0
STR,Aston Martin,SOFT,27,26,40.6,21.7,78.23,Monaco,0.0,18.982627107635466
STR,Aston Martin,SOFT,27,27,40.9,21.8,78.511,Monaco,0.0,15.0
STR,Aston Martin,SOFT,27,28,40.2,21.8,78.623,Monaco,0.0,15.0
SAR,Williams,HARD,54,3,49.2,21.7,90.077,Monaco,-0.03469990470745193,95.0
SAR,Williams,HARD,54,4,48.8,21.7,83.682,Monaco,-0.03469990470745193,93.6
SAR,Williams,HARD,54,5,48.2,21.6,83.674,Monaco,-0.03469990470745193,92.0
SAR,Williams,HARD,54,6,48.7,21.8,82.739,Monaco,-0.03469990470745193,100.0
SAR,Williams,HARD,54,7,48.0,21.8,82.899,Monaco,-0.03469990470745193,100.0
SAR,Williams,HARD,54,8,47.9,22.0,82.221,Monaco,-0.03469990470745193,100.0
SAR,Williams,HARD,54,9,47.4,22.1,81.679,Monaco,-0.03469990470745193,100.0
SAR,Williams,HARD,54,10,47.9,22.1,81.944,Monaco,-0.03469990470745193,100.0
SAR,Williams,HARD,54,11,47.3,22.3,81.492,Monaco,-0.03469990470745193,100.0
SAR,Williams,HARD,54,12,47.2,22.1,81.404,Monaco,-0.03469990470745193,100.0
SAR,Williams,HARD,54,13,47.1,22.0,81.499,Monaco,-0.03469990470745193,100.0
SAR,Williams,HARD,54,14,47.1,22.0,81.219,Monaco,-0.03469990470745193,100.0
SAR,Williams,HARD,54,15,46.0,22.0,81.34,Monaco,-0.03469990470745193,100.0
SAR,Williams,HARD,54,16,46.1,21.8,80.646,Monaco,-0.03469990470745193,100.0
SAR,Williams,HARD,54,17,47.2,21.7,81.016,Monaco,-0.03469990470745193,100.0
SAR,Williams,HARD,54,18,46.7,21.8,81.031,Monaco,-0.03469990470745193,100.0
SAR,Williams,HARD,54,19,46.6,21.9,81.221,Monaco,-0.03469990470745193,100.0
SAR,Williams,HARD,54,20,45.8,21.9,80.853,Monaco,-0.03469990470745193,100.0
SAR,Williams,HARD,54,21,45.9,21.8,80.849,Monaco,-0.03469990470745193,100.0
SAR,Williams,HARD,54,22,46.1,21.7,80.897,Monaco,-0.03469990470745193,98.19416720047376
SAR,Williams,HARD,54,23,46.3,21.8,80.593,Monaco,-0.03469990470745193,100.0
SAR,Williams,HARD,54,24,45.7,21.7,80.395,Monaco,-0.03469990470745193,100.0
SAR,Williams,HARD,54,25,46.0,21.8,80.903,Monaco,-0.03469990470745193,93.28539141154712
SAR,Williams,HARD,54,26,46.0,21.9,80.929,Monaco,-0.03469990470745193,91.21402965953182
SAR,Williams,HARD,54,27,46.0,21.9,81.231,Monaco,-0.03469990470745193,84.13898161689184
SAR,Williams,HARD,54,28,45.9,22.0,81.604,Monaco,-0.03469990470745193,75.7767534052866
SAR,Williams,HARD,54,29,46.4,22.0,81.334,Monaco,-0.03469990470745193,79.07166390698464
SAR,Williams,HARD,54,30,45.5,22.1,80.84,Monaco,-0.03469990470745193,86.42753719527673
SAR,Williams,HARD,54,31,45.6,21.9,80.775,Monaco,-0.03469990470745193,86.00594157531513
SAR,Williams,HARD,54,32,45.9,21.9,80.797,Monaco,-0.03469990470745193,74.77876454920288
SAR,Williams,HARD,54,33,45.9,22.0,80.53,Monaco,-0.03469990470745193,78.04978290217832
SAR,Williams,HARD,54,34,44.5,21.9,80.738,Monaco,-0.03469990470745193,72.6551319006094
SAR,Williams,HARD,54,35,44.4,21.8,80.584,Monaco,-0.03469990470745193,73.8646331229248
SAR,Williams,HARD,54,36,44.4,21.7,81.134,Monaco,-0.03469990470745193,62.23070018608391
SAR,Williams,HARD,54,37,44.8,21.8,81.404,Monaco,-0.03469990470745193,45.850257716181744
SAR,Williams,HARD,54,38,44.7,21.8,81.131,Monaco,-0.03469990470745193,49.263786285336536
SAR,Williams,HARD,54,39,44.4,21.9,81.273,Monaco,-0.03469990470745193,45.05601684643555
SAR,Williams,HARD,54,40,44.4,22.0,81.78,Monaco,-0.03469990470745193,35.0
SAR,Williams,HARD,54,41,44.7,21.9,84.378,Monaco,-0.03469990470745193,35.0
SAR,Williams,HARD,54,42,44.8,21.9,81.87,Monaco,-0.03469990470745193,35.0
SAR,Williams,HARD,54,43,44.5,22.0,80.552,Monaco,-0.03469990470745193,51.89687434958793
SAR,Williams,HARD,54,44,44.2,22.0,79.511,Monaco,-0.03469990470745193,69.41439537702482
SAR,Williams,HARD,54,45,44.5,22.0,80.72,Monaco,-0.03469990470745193,45.61162599933893
SAR,Williams,HARD,54,46,43.8,22.0,80.124,Monaco,-0.03469990470745193,54.956911813318115
SAR,Williams,HARD,54,47,43.8,22.0,79.888,Monaco,-0.03469990470745193,54.324370490354866
SAR,Williams,HARD,54,48,43.7,21.9,80.97,Monaco,-0.03469990470745193,35.0
SAR,Williams,HARD,54,49,43.7,21.9,83.966,Monaco,-0.03469990470745193,35.0
SAR,Williams,HARD,54,50,43.0,21.8,80.292,Monaco,-0.03469990470745193,42.08805772345757
SAR,Williams,HARD,54,51,43.2,21.9,81.817,Monaco,-0.03469990470745193,35.0
SAR,Williams,HARD,54,52,43.0,21.9,80.78,Monaco,-0.03469990470745193,35.0
SAR,Williams,HARD,54,53,42.8,21.9,81.318,Monaco,-0.03469990470745193,35.0
SAR,Williams,HARD,54,54,42.4,21.7,82.289,Monaco,-0.03469990470745193,35.0
SAR,Williams,HARD,54,55,42.2,21.6,80.342,Monaco,-0.03469990470745193,35.0
SAR,Williams,HARD,54,56,42.4,21.7,81.474,Monaco,-0.03469990470745193,35.0
SAR,Williams,MEDIUM,18,2,42.0,21.6,75.594,Monaco,0.0,95.0
SAR,Williams,MEDIUM,18,3,42.0,21.8,75.58,Monaco,0.0,94.0
SAR,Williams,MEDIUM,18,4,42.0,22.0,75.558,Monaco,0.0,92.0
SAR,Williams,MEDIUM,18,5,41.2,21.9,75.525,Monaco,0.0,90.65512586357502
SAR,Williams,MEDIUM,18,6,41.7,21.9,75.688,Monaco,0.0,85.4192011434925
SAR,Williams,MEDIUM,18,7,41.7,22.0,76.895,Monaco,0.0,59.457476375764536
SAR,Williams,MEDIUM,18,8,41.6,22.0,79.869,Monaco,0.0,25.0
SAR,Williams,MEDIUM,18,9,41.1,21.7,80.799,Monaco,0.0,25.0
SAR,Williams,MEDIUM,18,10,41.6,21.8,80.347,Monaco,0.0,25.0
SAR,Williams,MEDIUM,18,11,41.6,21.8,80.004,Monaco,0.0,25.0
SAR,Williams,MEDIUM,18,12,41.0,21.6,76.077,Monaco,0.0,65.69665687286604
SAR,Williams,MEDIUM,18,13,40.5,21.6,76.866,Monaco,0.0,48.03319304375461
SAR,Williams,MEDIUM,18,14,40.5,21.6,76.326,Monaco,0.0,56.75343444770931
SAR,Williams,MEDIUM,18,15,40.8,21.7,76.402,Monaco,0.0,53.24465973159704
SAR,Williams,MEDIUM,18,16,40.6,21.7,76.37,Monaco,0.0,51.87993329627576
SAR,Williams,MEDIUM,18,17,40.6,21.7,76.863,Monaco,0.0,40.092749940443255
SAR,Williams,MEDIUM,18,18,40.9,21.8,76.324,Monaco,0.0,48.79313904550165
SAR,Williams,MEDIUM,18,19,40.2,21.8,77.197,Monaco,0.0,29.46208210910831
ZHO,Kick Sauber,HARD,67,2,49.2,21.7,90.396,Monaco,-0.040672799106073916,95.0
ZHO,Kick Sauber,HARD,67,3,48.8,21.7,83.698,Monaco,-0.040672799106073916,95.2
ZHO,Kick Sauber,HARD,67,4,48.2,21.6,83.494,Monaco,-0.040672799106073916,93.6
ZHO,Kick Sauber,HARD,67,5,48.7,21.8,82.649,Monaco,-0.040672799106073916,100.0
ZHO,Kick Sauber,HARD,67,6,48.0,21.8,82.934,Monaco,-0.040672799106073916,100.0
ZHO,Kick Sauber,HARD,67,7,47.9,22.0,82.182,Monaco,-0.040672799106073916,100.0
ZHO,Kick Sauber,HARD,67,8,47.4,22.1,81.81,Monaco,-0.040672799106073916,100.0
ZHO,Kick Sauber,HARD,67,9,47.9,22.1,81.944,Monaco,-0.040672799106073916,100.0
ZHO,Kick Sauber,HARD,67,10,47.3,22.3,81.563,Monaco,-0.040672799106073916,100.0
ZHO,Kick Sauber,HARD,67,11,47.2,22.1,81.193,Monaco,-0.040672799106073916,100.0
ZHO,Kick Sauber,HARD,67,12,47.1,22.0,81.529,Monaco,-0.040672799106073916,100.0
ZHO,Kick Sauber,HARD,67,13,47.1,22.0,81.264,Monaco,-0.040672799106073916,100.0
ZHO,Kick Sauber,HARD,67,14,46.0,22.0,81.447,Monaco,-0.040672799106073916,100.0
ZHO,Kick Sauber,HARD,67,15,46.1,21.8,80.481,Monaco,-0.040672799106073916,100.0
ZHO,Kick Sauber,HARD,67,16,47.2,21.7,80.979,Monaco,-0.040672799106073916,100.0
ZHO,Kick Sauber,HARD,67,17,46.7,21.8,80.911,Monaco,-0.040672799106073916,100.0
ZHO,Kick Sauber,HARD,67,18,46.6,21.9,81.42,Monaco,-0.040672799106073916,100.0
ZHO,Kick Sauber,HARD,67,19,45.8,21.9,80.904,Monaco,-0.040672799106073916,100.0
ZHO,Kick Sauber,HARD,67,20,45.9,21.8,80.669,Monaco,-0.040672799106073916,100.0
ZHO,Kick Sauber,HARD,67,21,46.1,21.7,81.083,Monaco,-0.040672799106073916,94.82139650812476
ZHO,Kick Sauber,HARD,67,22,46.3,21.8,80.792,Monaco,-0.040672799106073916,98.50276712361915
ZHO,Kick Sauber,HARD,67,23,45.7,21.7,80.347,Monaco,-0.040672799106073916,100.0
ZHO,Kick Sauber,HARD,67,24,46.0,21.8,80.763,Monaco,-0.040672799106073916,95.82908928117695
ZHO,Kick Sauber,HARD,67,25,46.0,21.9,80.869,Monaco,-0.040672799106073916,92.30529105010348
ZHO,Kick Sauber,HARD,67,26,46.0,21.9,81.293,Monaco,-0.040672799106073916,83.01009812580904
ZHO,Kick Sauber,HARD,67,27,45.9,22.0,81.516,Monaco,-0.040672799106073916,77.36286222458824
ZHO,Kick Sauber,HARD,67,28,46.4,22.0,81.338,Monaco,-0.040672799106073916,78.9933913295988
ZHO,Kick Sauber,HARD,67,29,45.5,22.1,81.044,Monaco,-0.040672799106073916,82.72920906484055
ZHO,Kick Sauber,HARD,67,30,45.6,21.9,80.806,Monaco,-0.040672799106073916,85.44868056479818
ZHO,Kick Sauber,HARD,67,31,45.9,21.9,80.782,Monaco,-0.040672799106073916,75.95304081185672
ZHO,Kick Sauber,HARD,67,32,45.9,22.0,80.677,Monaco,-0.040672799106073916,76.26951887274578
ZHO,Kick Sauber,HARD,67,33,44.5,21.9,80.736,Monaco,-0.040672799106073916,73.59264072424614
ZHO,Kick Sauber,HARD,67,34,44.4,21.8,80.372,Monaco,-0.040672799106073916,78.63643133532895
ZHO,Kick Sauber,HARD,67,35,44.4,21.7,80.986,Monaco,-0.040672799106073916,65.8295977221289
ZHO,Kick Sauber,HARD,67,36,44.8,21.8,81.449,Monaco,-0.040672799106073916,49.018995232856696
ZHO,Kick Sauber,HARD,67,37,44.7,21.8,81.09,Monaco,-0.040672799106073916,54.00132013201318
ZHO,Kick Sauber,HARD,67,38,44.4,21.9,81.233,Monaco,-0.040672799106073916,49.77939127246054
ZHO,Kick Sauber,HARD,67,39,44.4,22.0,84.969,Monaco,-0.040672799106073916,35.0
ZHO,Kick Sauber,HARD,67,40,44.7,21.9,81.127,Monaco,-0.040672799106073916,48.52291895856265
ZHO,Kick Sauber,HARD,67,41,44.8,21.9,81.957,Monaco,-0.040672799106073916,35.0
ZHO,Kick Sauber,HARD,67,42,44.5,22.0,80.578,Monaco,-0.040672799106073916,55.38892555922258
ZHO,Kick Sauber,HARD,67,43,44.2,22.0,79.61,Monaco,-0.040672799106073916,71.53736707004039
ZHO,Kick Sauber,HARD,67,44,44.5,22.0,80.686,Monaco,-0.040672799106073916,50.20872753942052
ZHO,Kick Sauber,HARD,67,45,43.8,22.0,80.146,Monaco,-0.040672799106073916,58.50971763843054
ZHO,Kick Sauber,HARD,67,46,43.8,22.0,80.075,Monaco,-0.040672799106073916,53.7653494844476
ZHO,Kick Sauber,HARD,67,47,43.7,21.9,82.481,Monaco,-0.040672799106073916,35.0
ZHO,Kick Sauber,HARD,67,48,43.7,21.9,82.134,Monaco,-0.040672799106073916,35.0
ZHO,Kick Sauber,HARD,67,49,43.0,21.8,80.946,Monaco,-0.040672799106073916,35.0
ZHO,Kick Sauber,HARD,67,50,43.2,21.9,80.962,Monaco,-0.040672799106073916,35.0
ZHO,Kick Sauber,HARD,67,51,43.0,21.9,80.97,Monaco,-0.040672799106073916,35.0
ZHO,Kick Sauber,HARD,67,52,42.8,21.9,81.375,Monaco,-0.040672799106073916,35.0
ZHO,Kick Sauber,HARD,67,53,42.4,21.7,82.153,Monaco,-0.040672799106073916,35.0
ZHO,Kick Sauber,HARD,67,54,42.2,21.6,81.399,Monaco,-0.040672799106073916,35.0
ZHO,Kick Sauber,HARD,67,55,42.2,21.8,80.315,Monaco,-0.040672799106073916,35.0
ZHO,Kick Sauber,HARD,67,56,41.9,21.6,81.119,Monaco,-0.040672799106073916,35.0
ZHO,Kick Sauber,HARD,67,57,42.3,21.5,78.795,Monaco,-0.040672799106073916,53.101848681536524
ZHO,Kick Sauber,HARD,67,58,42.3,21.6,77.936,Monaco,-0.040672799106073916,67.37144335102764
ZHO,Kick Sauber,HARD,67,59,42.0,21.8,78.545,Monaco,-0.040672799106073916,54.52047343982849
ZHO,Kick Sauber,HARD,67,60,42.0,22.0,78.707,Monaco,-0.040672799106073916,49.92760459645544
ZHO,Kick Sauber,HARD,67,61,41.2,21.9,78.817,Monaco,-0.040672799106073916,46.29540970280698
ZHO,Kick Sauber,HARD,67,62,41.7,21.9,78.789,Monaco,-0.040672799106073916,45.21269567573553
ZHO,Kick Sauber,HARD,67,63,41.7,22.0,79.295,Monaco,-0.040672799106073916,35.0
ZHO,Kick Sauber,HARD,67,64,41.6,22.0,79.719,Monaco,-0.040672799106073916,35.0
ZHO,Kick Sauber,HARD,67,65,41.1,21.7,79.749,Monaco,-0.040672799106073916,35.0
ZHO,Kick Sauber,HARD,67,66,41.6,21.8,80.357,Monaco,-0.040672799106073916,35.0
ZHO,Kick Sauber,HARD,67,67,41.6,21.8,85.217,Monaco,-0.040672799106073916,35.0
ZHO,Kick Sauber,HARD,67,68,41.0,21.6,80.484,Monaco,-0.040672799106073916,35.0
ZHO,Kick Sauber,SOFT,5,2,40.8,21.7,80.585,Monaco,-0.7338999999999984,95.0
ZHO,Kick Sauber,SOFT,5,3,40.6,21.7,75.233,Monaco,-0.7338999999999984,92.65
ZHO,Kick Sauber,SOFT,5,4,40.9,21.8,80.473,Monaco,-0.7338999999999984,15.0
ZHO,Kick Sauber,SOFT,5,5,40.9,21.8,74.718,Monaco,-0.7338999999999984,98.0181004346497
ZHO,Kick Sauber,SOFT,5,6,40.2,21.8,77.173,Monaco,-0.7338999999999984,46.62016535297015
